epoch,batch,loss,acc,lr
1,16,0.64025,67.09,0.041948
2,16,0.63332,67.09,0.022990
3,16,0.63283,67.09,0.005361
4,16,0.63273,67.09,0.000440
5,16,0.63224,67.09,0.011404
6,16,0.63243,67.09,0.031175
7,16,0.63119,67.09,0.046993
8,16,0.63052,67.09,0.048648
9,16,0.63081,67.09,0.035072
10,16,0.62500,67.09,0.015028
11,16,0.62483,67.09,0.001452
12,16,0.62475,67.09,0.003107
13,16,0.62398,67.09,0.018925
14,16,0.62086,67.09,0.038696
15,16,0.61848,67.09,0.049660
16,16,0.61246,68.35,0.044739
17,16,0.60653,67.09,0.027110
18,16,0.59925,67.09,0.008152
19,16,0.59783,65.82,0.000100
20,16,0.59683,65.82,0.008152
21,16,0.59079,67.09,0.027110
22,16,0.58912,72.15,0.044739
23,16,0.58504,72.15,0.049660
24,16,0.57188,78.48,0.038696
25,16,0.56582,74.68,0.018925
26,16,0.55898,77.22,0.003107
27,16,0.55859,77.22,0.001452
28,16,0.55825,75.95,0.015028
29,16,0.55083,79.75,0.035072
30,16,0.55642,75.95,0.048648
31,16,0.57075,70.89,0.046993
32,16,0.56548,74.68,0.031175
33,16,0.55142,77.22,0.011404
34,16,0.55067,77.22,0.000440
35,16,0.55003,77.22,0.005361
36,16,0.54801,75.95,0.022990
37,16,0.55657,73.42,0.041948
38,16,0.52414,77.22,0.050000
39,16,0.52173,81.01,0.041948
40,16,0.54530,73.42,0.022990
41,16,0.52481,79.75,0.005361
42,16,0.52276,79.75,0.000440
43,16,0.52080,79.75,0.011404
44,16,0.51997,79.75,0.031175
45,16,0.51906,79.75,0.046993
46,16,0.51135,78.48,0.048648
47,16,0.54225,75.95,0.035072
48,16,0.52139,78.48,0.015028
49,16,0.53154,75.95,0.001452
50,16,0.52769,75.95,0.003107
51,16,0.50776,79.75,0.018925
52,16,0.50526,82.28,0.038696
53,16,0.50004,79.75,0.049660
54,16,0.47474,87.34,0.044739
55,16,0.50009,82.28,0.027110
56,16,0.47267,81.01,0.008152
57,16,0.46952,81.01,0.000100
58,16,0.46924,84.81,0.008152
59,16,0.47099,84.81,0.027110
60,16,0.48259,82.28,0.044739
61,16,0.46583,83.54,0.049660
62,16,0.47647,84.81,0.038696
63,16,0.50521,81.01,0.018925
64,16,0.49208,83.54,0.003107
65,16,0.49163,83.54,0.001452
66,16,0.48602,82.28,0.015028
67,16,0.46922,84.81,0.035072
68,16,0.45783,87.34,0.048648
69,16,0.45997,83.54,0.046993
70,16,0.45139,87.34,0.031175
71,16,0.44586,86.08,0.011404
72,16,0.44272,87.34,0.000440
73,16,0.44239,87.34,0.005361
74,16,0.44334,87.34,0.022990
75,16,0.44997,86.08,0.041948
76,16,0.45561,84.81,0.050000
77,16,0.46101,84.81,0.041948
78,16,0.49282,81.01,0.022990
79,16,0.47921,83.54,0.005361
80,16,0.47780,84.81,0.000440
81,16,0.47472,84.81,0.011404
82,16,0.47919,82.28,0.031175
83,16,0.45151,87.34,0.046993
84,16,0.46507,83.54,0.048648
85,16,0.44308,87.34,0.035072
86,16,0.44728,86.08,0.015028
87,16,0.44454,86.08,0.001452
88,16,0.44462,86.08,0.003107
89,16,0.44559,86.08,0.018925
90,16,0.45105,84.81,0.038696
91,16,0.44087,87.34,0.049660
92,16,0.42962,89.87,0.044739
93,16,0.43938,88.61,0.027110
94,16,0.43446,88.61,0.008152
95,16,0.43274,88.61,0.000100
96,16,0.43190,88.61,0.008152
97,16,0.43079,88.61,0.027110
98,16,0.43769,87.34,0.044739
99,16,0.43525,87.34,0.049660
100,16,0.42674,89.87,0.038696
101,16,0.43025,89.87,0.018925
102,16,0.42981,89.87,0.003107
103,16,0.42953,91.14,0.001452
104,16,0.42625,89.87,0.015028
105,16,0.42639,88.61,0.035072
106,16,0.43538,87.34,0.048648
107,16,0.43441,88.61,0.046993
108,16,0.43642,87.34,0.031175
109,16,0.43228,88.61,0.011404
110,16,0.43134,88.61,0.000440
111,16,0.43147,88.61,0.005361
112,16,0.43825,87.34,0.022990
113,16,0.43042,88.61,0.041948
114,16,0.42334,89.87,0.050000
115,16,0.42960,89.87,0.041948
116,16,0.42567,87.34,0.022990
117,16,0.41845,88.61,0.005361
118,16,0.41801,88.61,0.000440
119,16,0.41649,88.61,0.011404
120,16,0.40829,89.87,0.031175
121,16,0.41557,89.87,0.046993
122,16,0.42311,88.61,0.048648
123,16,0.40975,89.87,0.035072
124,16,0.39863,92.41,0.015028
125,16,0.39836,92.41,0.001452
126,16,0.39794,92.41,0.003107
127,16,0.39576,93.67,0.018925
128,16,0.40240,91.14,0.038696
129,16,0.38975,92.41,0.049660
130,16,0.39395,92.41,0.044739
131,16,0.38913,91.14,0.027110
132,16,0.38293,92.41,0.008152
133,16,0.38247,92.41,0.000100
134,16,0.38298,92.41,0.008152
135,16,0.38519,92.41,0.027110
136,16,0.38122,93.67,0.044739
137,16,0.39205,92.41,0.049660
138,16,0.39062,92.41,0.038696
139,16,0.38783,92.41,0.018925
140,16,0.38778,92.41,0.003107
141,16,0.38791,92.41,0.001452
142,16,0.38557,93.67,0.015028
143,16,0.38113,93.67,0.035072
144,16,0.37659,93.67,0.048648
145,16,0.38348,93.67,0.046993
146,16,0.38429,93.67,0.031175
147,16,0.38873,92.41,0.011404
148,16,0.39407,92.41,0.000440
149,16,0.39182,92.41,0.005361
150,16,0.38688,92.41,0.022990
151,16,0.37647,93.67,0.041948
152,16,0.37358,94.94,0.050000
153,16,0.38468,93.67,0.041948
154,16,0.38049,93.67,0.022990
155,16,0.40010,89.87,0.005361
156,16,0.39729,92.41,0.000440
157,16,0.38873,92.41,0.011404
158,16,0.37404,94.94,0.031175
159,16,0.37041,94.94,0.046993
160,16,0.37056,94.94,0.048648
161,16,0.37576,94.94,0.035072
162,16,0.36994,94.94,0.015028
163,16,0.36876,94.94,0.001452
164,16,0.36867,94.94,0.003107
165,16,0.36900,94.94,0.018925
166,16,0.36879,94.94,0.038696
167,16,0.36866,94.94,0.049660
168,16,0.36930,94.94,0.044739
169,16,0.37272,94.94,0.027110
170,16,0.37115,94.94,0.008152
171,16,0.37095,94.94,0.000100
172,16,0.37069,94.94,0.008152
173,16,0.37087,94.94,0.027110
174,16,0.37026,94.94,0.044739
175,16,0.37451,93.67,0.049660
176,16,0.37187,94.94,0.038696
177,16,0.37714,93.67,0.018925
178,16,0.37577,93.67,0.003107
179,16,0.37534,93.67,0.001452
180,16,0.37334,93.67,0.015028
181,16,0.36997,94.94,0.035072
182,16,0.36753,94.94,0.048648
183,16,0.36821,94.94,0.046993
184,16,0.36803,94.94,0.031175
185,16,0.36861,94.94,0.011404
186,16,0.36767,94.94,0.000440
187,16,0.36738,94.94,0.005361
188,16,0.36705,94.94,0.022990
189,16,0.36872,94.94,0.041948
190,16,0.37391,94.94,0.050000
191,16,0.36681,94.94,0.041948
192,16,0.36577,94.94,0.022990
193,16,0.36700,94.94,0.005361
194,16,0.36661,94.94,0.000440
195,16,0.36547,94.94,0.011404
196,16,0.37304,93.67,0.031175
197,16,0.36900,94.94,0.046993
198,16,0.37881,93.67,0.048648
199,16,0.37330,93.67,0.035072
200,16,0.37046,94.94,0.015028
201,16,0.36974,94.94,0.001452
202,16,0.36954,94.94,0.003107
203,16,0.36808,94.94,0.018925
204,16,0.36825,94.94,0.038696
205,16,0.36806,94.94,0.049660
206,16,0.36724,94.94,0.044739
207,16,0.36772,94.94,0.027110
208,16,0.36976,94.94,0.008152
209,16,0.36966,94.94,0.000100
210,16,0.36973,94.94,0.008152
211,16,0.36947,94.94,0.027110
212,16,0.36850,94.94,0.044739
213,16,0.36945,94.94,0.049660
214,16,0.36737,94.94,0.038696
215,16,0.36726,94.94,0.018925
216,16,0.36704,94.94,0.003107
217,16,0.36698,94.94,0.001452
218,16,0.36660,94.94,0.015028
219,16,0.36440,94.94,0.035072
220,16,0.36815,94.94,0.048648
221,16,0.36675,94.94,0.046993
222,16,0.36893,94.94,0.031175
223,16,0.36899,94.94,0.011404
224,16,0.36943,94.94,0.000440
225,16,0.36900,94.94,0.005361
226,16,0.36596,94.94,0.022990
227,16,0.36576,94.94,0.041948
228,16,0.36812,94.94,0.050000
229,16,0.36545,94.94,0.041948
230,16,0.36352,94.94,0.022990
231,16,0.36469,94.94,0.005361
232,16,0.36398,94.94,0.000440
233,16,0.36557,94.94,0.011404
234,16,0.36194,94.94,0.031175
235,16,0.36451,94.94,0.046993
236,16,0.37073,93.67,0.048648
237,16,0.36966,93.67,0.035072
238,16,0.37042,93.67,0.015028
239,16,0.36920,93.67,0.001452
240,16,0.36913,93.67,0.003107
241,16,0.36959,93.67,0.018925
242,16,0.36389,94.94,0.038696
243,16,0.36072,94.94,0.049660
244,16,0.35896,96.20,0.044739
245,16,0.35485,96.20,0.027110
246,16,0.35432,96.20,0.008152
247,16,0.35418,96.20,0.000100
248,16,0.35405,96.20,0.008152
249,16,0.35570,96.20,0.027110
250,16,0.35597,96.20,0.044739
251,16,0.35450,96.20,0.049660
252,16,0.35606,96.20,0.038696
253,16,0.35528,96.20,0.018925
254,16,0.35516,96.20,0.003107
255,16,0.35521,96.20,0.001452
256,16,0.35522,96.20,0.015028
257,16,0.35653,96.20,0.035072
258,16,0.35927,96.20,0.048648
259,16,0.35737,96.20,0.046993
260,16,0.35672,96.20,0.031175
261,16,0.35596,96.20,0.011404
262,16,0.35542,96.20,0.000440
263,16,0.35543,96.20,0.005361
264,16,0.35519,96.20,0.022990
265,16,0.35493,96.20,0.041948
266,16,0.35440,96.20,0.050000
267,16,0.35376,96.20,0.041948
268,16,0.35346,96.20,0.022990
269,16,0.35372,96.20,0.005361
270,16,0.35387,96.20,0.000440
271,16,0.35391,96.20,0.011404
272,16,0.35342,96.20,0.031175
273,16,0.35370,96.20,0.046993
274,16,0.35839,94.94,0.048648
275,16,0.35978,94.94,0.035072
276,16,0.35714,94.94,0.015028
277,16,0.35646,96.20,0.001452
278,16,0.35640,96.20,0.003107
279,16,0.35657,96.20,0.018925
280,16,0.35743,96.20,0.038696
281,16,0.35766,96.20,0.049660
282,16,0.35601,96.20,0.044739
283,16,0.35499,96.20,0.027110
284,16,0.35597,96.20,0.008152
285,16,0.35660,96.20,0.000100
286,16,0.35655,96.20,0.008152
287,16,0.35848,96.20,0.027110
288,16,0.35938,96.20,0.044739
289,16,0.36653,94.94,0.049660
290,16,0.36269,94.94,0.038696
291,16,0.36251,94.94,0.018925
292,16,0.36220,94.94,0.003107
293,16,0.36209,94.94,0.001452
294,16,0.36060,96.20,0.015028
295,16,0.35949,96.20,0.035072
296,16,0.35585,94.94,0.048648
297,16,0.36108,94.94,0.046993
298,16,0.35956,96.20,0.031175
299,16,0.35993,96.20,0.011404
300,16,0.35995,96.20,0.000440
1,16,0.65439,63.29,0.041948
2,16,0.65440,63.29,0.022990
3,16,0.65021,63.29,0.005361
4,16,0.65008,63.29,0.000440
5,16,0.64965,63.29,0.011404
6,16,0.64791,63.29,0.031175
7,16,0.64391,63.29,0.046993
8,16,0.63981,63.29,0.048648
9,16,0.64415,65.82,0.035072
10,16,0.62876,65.82,0.015028
11,16,0.62791,65.82,0.001452
12,16,0.62737,67.09,0.003107
13,16,0.62778,68.35,0.018925
14,16,0.62010,67.09,0.038696
15,16,0.62043,64.56,0.049660
16,16,0.59911,68.35,0.044739
17,16,0.59383,68.35,0.027110
18,16,0.58828,67.09,0.008152
19,16,0.58712,70.89,0.000100
20,16,0.58469,70.89,0.008152
21,16,0.57451,70.89,0.027110
22,16,0.57693,70.89,0.044739
23,16,0.66261,64.56,0.049660
24,16,0.60170,74.68,0.038696
25,16,0.58827,70.89,0.018925
26,16,0.58186,74.68,0.003107
27,16,0.58138,74.68,0.001452
28,16,0.57429,74.68,0.015028
29,16,0.56982,73.42,0.035072
30,16,0.55306,74.68,0.048648
31,16,0.52729,81.01,0.046993
32,16,0.52525,78.48,0.031175
33,16,0.52384,82.28,0.011404
34,16,0.52095,83.54,0.000440
35,16,0.51986,83.54,0.005361
36,16,0.51372,81.01,0.022990
37,16,0.50913,84.81,0.041948
38,16,0.53006,78.48,0.050000
39,16,0.49322,83.54,0.041948
40,16,0.49308,83.54,0.022990
41,16,0.49242,83.54,0.005361
42,16,0.49325,83.54,0.000440
43,16,0.49476,84.81,0.011404
44,16,0.50567,83.54,0.031175
45,16,0.49661,82.28,0.046993
46,16,0.50669,79.75,0.048648
47,16,0.49063,84.81,0.035072
48,16,0.49343,83.54,0.015028
49,16,0.49267,82.28,0.001452
50,16,0.49214,82.28,0.003107
51,16,0.49433,83.54,0.018925
52,16,0.53197,79.75,0.038696
53,16,0.53242,75.95,0.049660
54,16,0.52729,75.95,0.044739
55,16,0.52627,78.48,0.027110
56,16,0.51494,79.75,0.008152
57,16,0.51337,79.75,0.000100
58,16,0.51254,78.48,0.008152
59,16,0.49534,82.28,0.027110
60,16,0.47578,87.34,0.044739
61,16,0.47832,86.08,0.049660
62,16,0.48241,87.34,0.038696
63,16,0.47670,87.34,0.018925
64,16,0.46952,87.34,0.003107
65,16,0.46920,87.34,0.001452
66,16,0.47001,87.34,0.015028
67,16,0.47997,84.81,0.035072
68,16,0.48755,83.54,0.048648
69,16,0.45957,87.34,0.046993
70,16,0.45851,84.81,0.031175
71,16,0.46177,86.08,0.011404
72,16,0.47011,83.54,0.000440
73,16,0.47026,83.54,0.005361
74,16,0.46035,87.34,0.022990
75,16,0.47158,84.81,0.041948
76,16,0.50306,81.01,0.050000
77,16,0.48226,83.54,0.041948
78,16,0.47072,86.08,0.022990
79,16,0.46094,86.08,0.005361
80,16,0.45857,86.08,0.000440
81,16,0.45739,87.34,0.011404
82,16,0.45180,88.61,0.031175
83,16,0.44651,88.61,0.046993
84,16,0.44802,86.08,0.048648
85,16,0.47027,86.08,0.035072
86,16,0.45163,87.34,0.015028
87,16,0.45211,87.34,0.001452
88,16,0.45173,87.34,0.003107
89,16,0.45119,86.08,0.018925
90,16,0.44880,87.34,0.038696
91,16,0.49785,78.48,0.049660
92,16,0.49149,82.28,0.044739
93,16,0.46852,84.81,0.027110
94,16,0.45915,86.08,0.008152
95,16,0.46004,86.08,0.000100
96,16,0.46010,86.08,0.008152
97,16,0.46737,84.81,0.027110
98,16,0.45475,86.08,0.044739
99,16,0.46554,84.81,0.049660
100,16,0.45912,86.08,0.038696
101,16,0.44607,88.61,0.018925
102,16,0.44170,87.34,0.003107
103,16,0.44136,87.34,0.001452
104,16,0.44477,88.61,0.015028
105,16,0.45251,83.54,0.035072
106,16,0.44395,87.34,0.048648
107,16,0.43796,88.61,0.046993
108,16,0.44184,88.61,0.031175
109,16,0.46144,84.81,0.011404
110,16,0.45394,83.54,0.000440
111,16,0.45304,86.08,0.005361
112,16,0.45007,87.34,0.022990
113,16,0.44709,87.34,0.041948
114,16,0.43128,88.61,0.050000
115,16,0.43422,87.34,0.041948
116,16,0.42566,89.87,0.022990
117,16,0.41940,91.14,0.005361
118,16,0.41916,89.87,0.000440
119,16,0.42060,89.87,0.011404
120,16,0.41563,91.14,0.031175
121,16,0.42323,91.14,0.046993
122,16,0.43977,87.34,0.048648
123,16,0.42055,91.14,0.035072
124,16,0.41970,91.14,0.015028
125,16,0.41913,91.14,0.001452
126,16,0.41912,91.14,0.003107
127,16,0.42148,91.14,0.018925
128,16,0.44847,84.81,0.038696
129,16,0.43287,88.61,0.049660
130,16,0.43467,87.34,0.044739
131,16,0.44221,86.08,0.027110
132,16,0.44460,86.08,0.008152
133,16,0.44367,87.34,0.000100
134,16,0.44387,86.08,0.008152
135,16,0.44114,88.61,0.027110
136,16,0.43467,88.61,0.044739
137,16,0.43006,88.61,0.049660
138,16,0.42391,89.87,0.038696
139,16,0.42618,89.87,0.018925
140,16,0.42438,89.87,0.003107
141,16,0.42444,89.87,0.001452
142,16,0.42458,89.87,0.015028
143,16,0.42695,88.61,0.035072
144,16,0.43448,87.34,0.048648
145,16,0.42767,89.87,0.046993
146,16,0.44186,87.34,0.031175
147,16,0.44005,86.08,0.011404
148,16,0.43838,87.34,0.000440
149,16,0.43736,87.34,0.005361
150,16,0.43672,87.34,0.022990
151,16,0.43687,87.34,0.041948
152,16,0.42700,88.61,0.050000
153,16,0.42192,88.61,0.041948
154,16,0.41997,89.87,0.022990
155,16,0.42176,89.87,0.005361
156,16,0.42167,89.87,0.000440
157,16,0.42186,89.87,0.011404
158,16,0.42301,89.87,0.031175
159,16,0.41873,89.87,0.046993
160,16,0.41492,89.87,0.048648
161,16,0.41514,89.87,0.035072
162,16,0.41418,89.87,0.015028
163,16,0.41168,89.87,0.001452
164,16,0.41178,89.87,0.003107
165,16,0.41230,89.87,0.018925
166,16,0.42087,89.87,0.038696
167,16,0.42456,89.87,0.049660
168,16,0.42249,88.61,0.044739
169,16,0.42527,87.34,0.027110
170,16,0.42520,87.34,0.008152
171,16,0.42567,87.34,0.000100
172,16,0.42520,87.34,0.008152
173,16,0.42087,88.61,0.027110
174,16,0.41741,88.61,0.044739
175,16,0.41110,88.61,0.049660
176,16,0.41164,89.87,0.038696
177,16,0.41074,88.61,0.018925
178,16,0.41072,88.61,0.003107
179,16,0.41024,88.61,0.001452
180,16,0.41005,88.61,0.015028
181,16,0.40801,89.87,0.035072
182,16,0.40889,89.87,0.048648
183,16,0.41145,89.87,0.046993
184,16,0.40890,89.87,0.031175
185,16,0.40920,89.87,0.011404
186,16,0.40924,89.87,0.000440
187,16,0.40903,89.87,0.005361
188,16,0.40741,89.87,0.022990
189,16,0.40531,89.87,0.041948
190,16,0.39766,92.41,0.050000
191,16,0.41673,89.87,0.041948
192,16,0.41507,89.87,0.022990
193,16,0.41435,91.14,0.005361
194,16,0.41423,91.14,0.000440
195,16,0.41243,91.14,0.011404
196,16,0.41306,91.14,0.031175
197,16,0.41419,89.87,0.046993
198,16,0.40322,89.87,0.048648
199,16,0.40210,89.87,0.035072
200,16,0.40330,89.87,0.015028
201,16,0.40406,89.87,0.001452
202,16,0.40410,89.87,0.003107
203,16,0.40244,91.14,0.018925
204,16,0.39424,91.14,0.038696
205,16,0.38912,92.41,0.049660
206,16,0.38319,93.67,0.044739
207,16,0.38958,92.41,0.027110
208,16,0.39134,92.41,0.008152
209,16,0.39140,92.41,0.000100
210,16,0.39141,92.41,0.008152
211,16,0.39054,92.41,0.027110
212,16,0.38951,91.14,0.044739
213,16,0.39801,91.14,0.049660
214,16,0.41253,89.87,0.038696
215,16,0.41134,88.61,0.018925
216,16,0.40975,88.61,0.003107
217,16,0.40934,88.61,0.001452
218,16,0.40387,91.14,0.015028
219,16,0.39926,91.14,0.035072
220,16,0.40185,91.14,0.048648
221,16,0.40212,91.14,0.046993
222,16,0.40393,91.14,0.031175
223,16,0.40561,91.14,0.011404
224,16,0.40588,91.14,0.000440
225,16,0.40588,91.14,0.005361
226,16,0.40639,89.87,0.022990
227,16,0.40533,91.14,0.041948
228,16,0.40494,91.14,0.050000
229,16,0.40721,89.87,0.041948
230,16,0.40649,89.87,0.022990
231,16,0.40705,89.87,0.005361
232,16,0.40709,89.87,0.000440
233,16,0.40711,89.87,0.011404
234,16,0.40518,91.14,0.031175
235,16,0.40571,89.87,0.046993
236,16,0.40309,89.87,0.048648
237,16,0.40618,89.87,0.035072
238,16,0.40658,89.87,0.015028
239,16,0.40798,89.87,0.001452
240,16,0.40801,89.87,0.003107
241,16,0.40834,89.87,0.018925
242,16,0.40711,89.87,0.038696
243,16,0.40250,89.87,0.049660
244,16,0.39788,92.41,0.044739
245,16,0.39365,92.41,0.027110
246,16,0.39488,92.41,0.008152
247,16,0.39482,92.41,0.000100
248,16,0.39473,92.41,0.008152
249,16,0.39482,92.41,0.027110
250,16,0.40181,91.14,0.044739
251,16,0.40351,89.87,0.049660
252,16,0.40114,89.87,0.038696
253,16,0.40041,89.87,0.018925
254,16,0.40076,89.87,0.003107
255,16,0.40068,89.87,0.001452
256,16,0.39696,89.87,0.015028
257,16,0.39500,91.14,0.035072
258,16,0.39365,91.14,0.048648
259,16,0.39634,91.14,0.046993
260,16,0.39385,92.41,0.031175
261,16,0.39386,92.41,0.011404
262,16,0.39422,92.41,0.000440
263,16,0.39427,92.41,0.005361
264,16,0.39425,92.41,0.022990
265,16,0.40448,91.14,0.041948
266,16,0.40365,91.14,0.050000
267,16,0.40474,91.14,0.041948
268,16,0.41080,89.87,0.022990
269,16,0.40768,89.87,0.005361
270,16,0.40729,91.14,0.000440
271,16,0.40623,91.14,0.011404
272,16,0.40552,89.87,0.031175
273,16,0.40763,89.87,0.046993
274,16,0.40448,91.14,0.048648
275,16,0.40248,91.14,0.035072
276,16,0.40744,89.87,0.015028
277,16,0.40737,89.87,0.001452
278,16,0.40725,89.87,0.003107
279,16,0.40554,91.14,0.018925
280,16,0.40753,89.87,0.038696
281,16,0.40504,91.14,0.049660
282,16,0.40755,89.87,0.044739
283,16,0.40687,89.87,0.027110
284,16,0.40585,91.14,0.008152
285,16,0.40589,91.14,0.000100
286,16,0.40595,91.14,0.008152
287,16,0.40670,89.87,0.027110
288,16,0.40856,89.87,0.044739
289,16,0.41128,89.87,0.049660
290,16,0.41836,88.61,0.038696
291,16,0.41838,88.61,0.018925
292,16,0.41905,88.61,0.003107
293,16,0.41896,88.61,0.001452
294,16,0.41688,88.61,0.015028
295,16,0.41444,88.61,0.035072
296,16,0.41137,89.87,0.048648
297,16,0.40630,89.87,0.046993
298,16,0.40860,89.87,0.031175
299,16,0.40938,89.87,0.011404
300,16,0.40942,89.87,0.000440
1,16,0.65597,64.56,0.041948
2,16,0.65455,64.56,0.022990
3,16,0.65337,64.56,0.005361
4,16,0.65337,64.56,0.000440
5,16,0.65327,64.56,0.011404
6,16,0.65231,64.56,0.031175
7,16,0.65029,64.56,0.046993
8,16,0.64814,64.56,0.048648
9,16,0.64779,64.56,0.035072
10,16,0.64684,64.56,0.015028
11,16,0.64606,64.56,0.001452
12,16,0.64585,64.56,0.003107
13,16,0.64470,64.56,0.018925
14,16,0.64759,64.56,0.038696
15,16,0.64890,62.03,0.049660
16,16,0.63804,64.56,0.044739
17,16,0.64131,63.29,0.027110
18,16,0.64507,63.29,0.008152
19,16,0.64391,64.56,0.000100
20,16,0.64361,63.29,0.008152
21,16,0.64377,62.03,0.027110
22,16,0.64336,65.82,0.044739
23,16,0.62987,67.09,0.049660
24,16,0.64495,65.82,0.038696
25,16,0.64660,63.29,0.018925
26,16,0.64937,63.29,0.003107
27,16,0.64606,63.29,0.001452
28,16,0.63716,65.82,0.015028
29,16,0.64645,65.82,0.035072
30,16,0.63219,67.09,0.048648
31,16,0.60980,68.35,0.046993
32,16,0.60759,65.82,0.031175
33,16,0.60060,72.15,0.011404
34,16,0.60238,72.15,0.000440
35,16,0.60236,73.42,0.005361
36,16,0.60408,69.62,0.022990
37,16,0.59706,70.89,0.041948
38,16,0.58659,72.15,0.050000
39,16,0.58623,69.62,0.041948
40,16,0.58716,69.62,0.022990
41,16,0.58380,72.15,0.005361
42,16,0.58240,70.89,0.000440
43,16,0.57783,70.89,0.011404
44,16,0.56591,72.15,0.031175
45,16,0.58202,72.15,0.046993
46,16,0.58202,73.42,0.048648
47,16,0.55388,78.48,0.035072
48,16,0.56242,73.42,0.015028
49,16,0.55115,77.22,0.001452
50,16,0.55062,75.95,0.003107
51,16,0.54408,77.22,0.018925
52,16,0.54664,77.22,0.038696
53,16,0.55340,74.68,0.049660
54,16,0.53556,77.22,0.044739
55,16,0.53593,78.48,0.027110
56,16,0.52708,77.22,0.008152
57,16,0.52213,78.48,0.000100
58,16,0.52346,78.48,0.008152
59,16,0.52492,81.01,0.027110
60,16,0.50335,83.54,0.044739
61,16,0.55376,74.68,0.049660
62,16,0.50997,82.28,0.038696
63,16,0.50975,79.75,0.018925
64,16,0.50644,81.01,0.003107
65,16,0.50611,79.75,0.001452
66,16,0.51868,78.48,0.015028
67,16,0.50255,82.28,0.035072
68,16,0.51605,82.28,0.048648
69,16,0.49045,82.28,0.046993
70,16,0.49927,82.28,0.031175
71,16,0.49880,81.01,0.011404
72,16,0.50172,81.01,0.000440
73,16,0.49984,81.01,0.005361
74,16,0.49174,82.28,0.022990
75,16,0.48558,83.54,0.041948
76,16,0.50068,82.28,0.050000
77,16,0.50476,81.01,0.041948
78,16,0.49165,83.54,0.022990
79,16,0.48584,83.54,0.005361
80,16,0.48498,83.54,0.000440
81,16,0.48195,83.54,0.011404
82,16,0.47369,83.54,0.031175
83,16,0.47927,84.81,0.046993
84,16,0.49158,83.54,0.048648
85,16,0.52643,78.48,0.035072
86,16,0.50247,82.28,0.015028
87,16,0.49859,82.28,0.001452
88,16,0.49851,82.28,0.003107
89,16,0.49546,83.54,0.018925
90,16,0.48250,82.28,0.038696
91,16,0.47204,82.28,0.049660
92,16,0.50242,82.28,0.044739
93,16,0.48974,82.28,0.027110
94,16,0.49482,81.01,0.008152
95,16,0.49045,83.54,0.000100
96,16,0.48290,83.54,0.008152
97,16,0.47500,83.54,0.027110
98,16,0.47541,83.54,0.044739
99,16,0.49775,79.75,0.049660
100,16,0.46783,86.08,0.038696
101,16,0.45917,86.08,0.018925
102,16,0.45899,86.08,0.003107
103,16,0.45750,86.08,0.001452
104,16,0.44911,86.08,0.015028
105,16,0.45369,84.81,0.035072
106,16,0.44430,86.08,0.048648
107,16,0.45290,86.08,0.046993
108,16,0.44923,86.08,0.031175
109,16,0.46978,82.28,0.011404
110,16,0.46377,83.54,0.000440
111,16,0.46295,83.54,0.005361
112,16,0.45742,84.81,0.022990
113,16,0.45404,83.54,0.041948
114,16,0.46296,86.08,0.050000
115,16,0.46789,83.54,0.041948
116,16,0.45709,84.81,0.022990
117,16,0.46055,84.81,0.005361
118,16,0.46008,84.81,0.000440
119,16,0.45832,84.81,0.011404
120,16,0.45400,86.08,0.031175
121,16,0.46061,84.81,0.046993
122,16,0.45264,83.54,0.048648
123,16,0.43028,87.34,0.035072
124,16,0.42529,87.34,0.015028
125,16,0.42077,88.61,0.001452
126,16,0.42113,88.61,0.003107
127,16,0.42868,88.61,0.018925
128,16,0.42104,88.61,0.038696
129,16,0.42044,88.61,0.049660
130,16,0.42916,88.61,0.044739
131,16,0.42192,88.61,0.027110
132,16,0.42505,87.34,0.008152
133,16,0.42407,87.34,0.000100
134,16,0.42245,87.34,0.008152
135,16,0.42512,86.08,0.027110
136,16,0.41304,89.87,0.044739
137,16,0.40519,91.14,0.049660
138,16,0.41454,88.61,0.038696
139,16,0.41499,91.14,0.018925
140,16,0.41555,89.87,0.003107
141,16,0.41535,89.87,0.001452
142,16,0.41355,89.87,0.015028
143,16,0.41163,89.87,0.035072
144,16,0.40718,91.14,0.048648
145,16,0.41137,88.61,0.046993
146,16,0.41644,89.87,0.031175
147,16,0.41605,89.87,0.011404
148,16,0.41500,89.87,0.000440
149,16,0.41456,89.87,0.005361
150,16,0.40961,89.87,0.022990
151,16,0.40322,91.14,0.041948
152,16,0.40473,89.87,0.050000
153,16,0.42190,88.61,0.041948
154,16,0.40244,92.41,0.022990
155,16,0.40427,89.87,0.005361
156,16,0.40497,89.87,0.000440
157,16,0.40106,91.14,0.011404
158,16,0.39901,92.41,0.031175
159,16,0.41075,91.14,0.046993
160,16,0.41039,88.61,0.048648
161,16,0.41828,88.61,0.035072
162,16,0.39885,91.14,0.015028
163,16,0.40245,89.87,0.001452
164,16,0.40143,91.14,0.003107
165,16,0.39750,91.14,0.018925
166,16,0.39549,92.41,0.038696
167,16,0.39863,91.14,0.049660
168,16,0.39522,92.41,0.044739
169,16,0.39689,92.41,0.027110
170,16,0.39389,92.41,0.008152
171,16,0.39278,92.41,0.000100
172,16,0.39135,92.41,0.008152
173,16,0.39140,92.41,0.027110
174,16,0.40296,91.14,0.044739
175,16,0.40357,89.87,0.049660
176,16,0.40346,89.87,0.038696
177,16,0.39378,92.41,0.018925
178,16,0.39427,92.41,0.003107
179,16,0.39452,92.41,0.001452
180,16,0.39532,91.14,0.015028
181,16,0.39554,92.41,0.035072
182,16,0.39476,92.41,0.048648
183,16,0.38570,93.67,0.046993
184,16,0.38620,92.41,0.031175
185,16,0.38318,93.67,0.011404
186,16,0.38332,93.67,0.000440
187,16,0.38329,93.67,0.005361
188,16,0.38327,93.67,0.022990
189,16,0.38645,93.67,0.041948
190,16,0.38223,93.67,0.050000
191,16,0.39277,92.41,0.041948
192,16,0.38318,93.67,0.022990
193,16,0.38284,93.67,0.005361
194,16,0.38303,93.67,0.000440
195,16,0.38322,93.67,0.011404
196,16,0.38163,93.67,0.031175
197,16,0.38180,93.67,0.046993
198,16,0.37552,94.94,0.048648
199,16,0.37484,94.94,0.035072
200,16,0.37672,94.94,0.015028
201,16,0.37679,93.67,0.001452
202,16,0.37665,93.67,0.003107
203,16,0.37541,93.67,0.018925
204,16,0.37316,94.94,0.038696
205,16,0.37591,93.67,0.049660
206,16,0.38066,93.67,0.044739
207,16,0.38725,91.14,0.027110
208,16,0.38247,92.41,0.008152
209,16,0.38307,92.41,0.000100
210,16,0.38285,92.41,0.008152
211,16,0.37955,93.67,0.027110
212,16,0.38324,92.41,0.044739
213,16,0.38663,91.14,0.049660
214,16,0.39185,92.41,0.038696
215,16,0.38643,92.41,0.018925
216,16,0.38567,92.41,0.003107
217,16,0.38571,92.41,0.001452
218,16,0.38703,92.41,0.015028
219,16,0.38222,92.41,0.035072
220,16,0.37627,93.67,0.048648
221,16,0.37208,94.94,0.046993
222,16,0.37060,94.94,0.031175
223,16,0.37217,93.67,0.011404
224,16,0.37370,93.67,0.000440
225,16,0.37326,93.67,0.005361
226,16,0.37327,93.67,0.022990
227,16,0.37658,93.67,0.041948
228,16,0.37265,93.67,0.050000
229,16,0.36928,94.94,0.041948
230,16,0.36911,94.94,0.022990
231,16,0.36891,94.94,0.005361
232,16,0.36900,94.94,0.000440
233,16,0.36912,94.94,0.011404
234,16,0.37086,93.67,0.031175
235,16,0.37159,93.67,0.046993
236,16,0.36951,94.94,0.048648
237,16,0.37097,94.94,0.035072
238,16,0.37211,94.94,0.015028
239,16,0.37250,94.94,0.001452
240,16,0.37252,94.94,0.003107
241,16,0.37221,93.67,0.018925
242,16,0.37293,93.67,0.038696
243,16,0.37441,93.67,0.049660
244,16,0.37441,93.67,0.044739
245,16,0.37536,93.67,0.027110
246,16,0.37636,93.67,0.008152
247,16,0.37607,93.67,0.000100
248,16,0.37598,93.67,0.008152
249,16,0.37651,93.67,0.027110
250,16,0.37880,93.67,0.044739
251,16,0.37561,93.67,0.049660
252,16,0.38407,92.41,0.038696
253,16,0.39502,92.41,0.018925
254,16,0.39464,91.14,0.003107
255,16,0.39425,91.14,0.001452
256,16,0.38799,92.41,0.015028
257,16,0.38609,92.41,0.035072
258,16,0.37814,93.67,0.048648
259,16,0.37489,93.67,0.046993
260,16,0.37397,93.67,0.031175
261,16,0.37497,93.67,0.011404
262,16,0.37500,93.67,0.000440
263,16,0.37498,93.67,0.005361
264,16,0.37368,93.67,0.022990
265,16,0.37012,94.94,0.041948
266,16,0.37059,94.94,0.050000
267,16,0.37581,93.67,0.041948
268,16,0.37414,93.67,0.022990
269,16,0.37410,93.67,0.005361
270,16,0.37404,93.67,0.000440
271,16,0.37381,93.67,0.011404
272,16,0.37229,93.67,0.031175
273,16,0.37089,93.67,0.046993
274,16,0.37346,93.67,0.048648
275,16,0.37020,93.67,0.035072
276,16,0.37061,93.67,0.015028
277,16,0.36960,94.94,0.001452
278,16,0.36949,94.94,0.003107
279,16,0.36879,94.94,0.018925
280,16,0.37454,93.67,0.038696
281,16,0.37189,93.67,0.049660
282,16,0.37349,93.67,0.044739
283,16,0.37108,93.67,0.027110
284,16,0.37153,93.67,0.008152
285,16,0.37174,93.67,0.000100
286,16,0.37212,93.67,0.008152
287,16,0.37212,93.67,0.027110
288,16,0.36935,93.67,0.044739
289,16,0.37027,93.67,0.049660
290,16,0.37228,93.67,0.038696
291,16,0.37161,93.67,0.018925
292,16,0.37062,93.67,0.003107
293,16,0.37076,93.67,0.001452
294,16,0.37148,93.67,0.015028
295,16,0.37209,93.67,0.035072
296,16,0.37488,93.67,0.048648
297,16,0.37236,93.67,0.046993
298,16,0.37378,93.67,0.031175
299,16,0.37482,93.67,0.011404
300,16,0.37400,93.67,0.000440
1,16,0.62473,69.23,0.041948
2,16,0.62074,69.23,0.022990
3,16,0.62623,69.23,0.005361
4,16,0.62624,69.23,0.000440
5,16,0.62194,69.23,0.011404
6,16,0.61374,69.23,0.031175
7,16,0.61387,69.23,0.046993
8,16,0.59715,69.23,0.048648
9,16,0.59927,74.36,0.035072
10,16,0.57806,74.36,0.015028
11,16,0.57343,74.36,0.001452
12,16,0.57311,75.64,0.003107
13,16,0.56950,73.08,0.018925
14,16,0.57120,78.21,0.038696
15,16,0.57703,70.51,0.049660
16,16,0.56563,74.36,0.044739
17,16,0.55442,75.64,0.027110
18,16,0.55357,76.92,0.008152
19,16,0.55122,76.92,0.000100
20,16,0.54800,75.64,0.008152
21,16,0.53695,76.92,0.027110
22,16,0.53667,79.49,0.044739
23,16,0.54399,76.92,0.049660
24,16,0.54424,78.21,0.038696
25,16,0.54195,78.21,0.018925
26,16,0.53851,78.21,0.003107
27,16,0.53853,78.21,0.001452
28,16,0.53924,78.21,0.015028
29,16,0.52675,80.77,0.035072
30,16,0.54140,75.64,0.048648
31,16,0.56448,73.08,0.046993
32,16,0.52472,76.92,0.031175
33,16,0.53115,75.64,0.011404
34,16,0.52303,76.92,0.000440
35,16,0.51938,78.21,0.005361
36,16,0.51106,79.49,0.022990
37,16,0.50666,82.05,0.041948
38,16,0.51311,80.77,0.050000
39,16,0.49669,84.62,0.041948
40,16,0.49223,80.77,0.022990
41,16,0.48521,84.62,0.005361
42,16,0.48243,84.62,0.000440
43,16,0.48255,84.62,0.011404
44,16,0.47681,85.90,0.031175
45,16,0.48076,84.62,0.046993
46,16,0.49415,82.05,0.048648
47,16,0.50665,78.21,0.035072
48,16,0.48610,83.33,0.015028
49,16,0.48918,84.62,0.001452
50,16,0.48861,84.62,0.003107
51,16,0.49277,83.33,0.018925
52,16,0.48211,85.90,0.038696
53,16,0.48282,84.62,0.049660
54,16,0.48062,85.90,0.044739
55,16,0.47574,83.33,0.027110
56,16,0.47303,84.62,0.008152
57,16,0.47230,84.62,0.000100
58,16,0.47343,84.62,0.008152
59,16,0.47023,85.90,0.027110
60,16,0.49193,82.05,0.044739
61,16,0.51150,80.77,0.049660
62,16,0.49791,80.77,0.038696
63,16,0.48726,82.05,0.018925
64,16,0.47768,83.33,0.003107
65,16,0.47723,83.33,0.001452
66,16,0.47806,82.05,0.015028
67,16,0.47270,85.90,0.035072
68,16,0.46973,83.33,0.048648
69,16,0.46726,84.62,0.046993
70,16,0.47951,80.77,0.031175
71,16,0.48005,82.05,0.011404
72,16,0.46756,84.62,0.000440
73,16,0.46683,85.90,0.005361
74,16,0.46105,85.90,0.022990
75,16,0.45425,88.46,0.041948
76,16,0.42888,88.46,0.050000
77,16,0.41812,92.31,0.041948
78,16,0.42521,89.74,0.022990
79,16,0.42611,89.74,0.005361
80,16,0.42482,89.74,0.000440
81,16,0.42212,91.03,0.011404
82,16,0.42677,91.03,0.031175
83,16,0.41415,91.03,0.046993
84,16,0.41821,87.18,0.048648
85,16,0.43658,88.46,0.035072
86,16,0.42787,87.18,0.015028
87,16,0.42272,89.74,0.001452
88,16,0.42212,89.74,0.003107
89,16,0.41720,91.03,0.018925
90,16,0.41296,91.03,0.038696
91,16,0.41632,92.31,0.049660
92,16,0.42228,89.74,0.044739
93,16,0.40892,92.31,0.027110
94,16,0.41236,92.31,0.008152
95,16,0.41011,92.31,0.000100
96,16,0.40844,92.31,0.008152
97,16,0.40668,91.03,0.027110
98,16,0.40022,92.31,0.044739
99,16,0.39871,92.31,0.049660
100,16,0.42831,85.90,0.038696
101,16,0.41215,92.31,0.018925
102,16,0.41036,89.74,0.003107
103,16,0.41025,89.74,0.001452
104,16,0.40661,92.31,0.015028
105,16,0.39983,93.59,0.035072
106,16,0.40026,92.31,0.048648
107,16,0.41161,89.74,0.046993
108,16,0.39949,92.31,0.031175
109,16,0.40848,91.03,0.011404
110,16,0.40738,91.03,0.000440
111,16,0.40682,91.03,0.005361
112,16,0.40038,91.03,0.022990
113,16,0.38627,93.59,0.041948
114,16,0.40943,89.74,0.050000
115,16,0.40505,91.03,0.041948
116,16,0.40716,91.03,0.022990
117,16,0.40103,91.03,0.005361
118,16,0.39970,92.31,0.000440
119,16,0.39624,92.31,0.011404
120,16,0.39724,91.03,0.031175
121,16,0.37764,93.59,0.046993
122,16,0.38935,93.59,0.048648
123,16,0.38400,93.59,0.035072
124,16,0.38466,93.59,0.015028
125,16,0.38563,93.59,0.001452
126,16,0.38576,93.59,0.003107
127,16,0.38386,93.59,0.018925
128,16,0.39260,92.31,0.038696
129,16,0.38543,93.59,0.049660
130,16,0.39462,92.31,0.044739
131,16,0.38909,92.31,0.027110
132,16,0.40304,91.03,0.008152
133,16,0.39872,91.03,0.000100
134,16,0.39691,91.03,0.008152
135,16,0.39591,91.03,0.027110
136,16,0.39147,91.03,0.044739
137,16,0.39443,92.31,0.049660
138,16,0.41439,89.74,0.038696
139,16,0.39396,92.31,0.018925
140,16,0.39510,91.03,0.003107
141,16,0.39473,91.03,0.001452
142,16,0.39629,91.03,0.015028
143,16,0.39753,92.31,0.035072
144,16,0.39922,92.31,0.048648
145,16,0.38887,92.31,0.046993
146,16,0.38723,93.59,0.031175
147,16,0.38652,93.59,0.011404
148,16,0.38650,93.59,0.000440
149,16,0.38701,93.59,0.005361
150,16,0.39160,92.31,0.022990
151,16,0.39320,92.31,0.041948
152,16,0.38559,93.59,0.050000
153,16,0.39226,92.31,0.041948
154,16,0.39472,91.03,0.022990
155,16,0.39910,91.03,0.005361
156,16,0.40141,91.03,0.000440
157,16,0.39879,91.03,0.011404
158,16,0.39186,92.31,0.031175
159,16,0.38473,92.31,0.046993
160,16,0.38876,92.31,0.048648
161,16,0.39091,92.31,0.035072
162,16,0.38768,92.31,0.015028
163,16,0.38889,92.31,0.001452
164,16,0.38835,92.31,0.003107
165,16,0.38432,92.31,0.018925
166,16,0.38138,93.59,0.038696
167,16,0.38053,93.59,0.049660
168,16,0.38815,91.03,0.044739
169,16,0.39377,91.03,0.027110
170,16,0.38998,91.03,0.008152
171,16,0.38943,91.03,0.000100
172,16,0.38848,91.03,0.008152
173,16,0.38891,91.03,0.027110
174,16,0.39012,91.03,0.044739
175,16,0.39381,91.03,0.049660
176,16,0.40673,91.03,0.038696
177,16,0.39595,91.03,0.018925
178,16,0.38894,92.31,0.003107
179,16,0.38877,92.31,0.001452
180,16,0.39063,91.03,0.015028
181,16,0.38901,91.03,0.035072
182,16,0.39311,91.03,0.048648
183,16,0.38440,92.31,0.046993
184,16,0.38166,93.59,0.031175
185,16,0.38381,92.31,0.011404
186,16,0.38462,92.31,0.000440
187,16,0.38446,92.31,0.005361
188,16,0.38192,93.59,0.022990
189,16,0.38493,92.31,0.041948
190,16,0.38264,92.31,0.050000
191,16,0.38215,92.31,0.041948
192,16,0.37819,93.59,0.022990
193,16,0.37978,93.59,0.005361
194,16,0.37966,93.59,0.000440
195,16,0.37905,93.59,0.011404
196,16,0.37950,93.59,0.031175
197,16,0.37909,93.59,0.046993
198,16,0.38395,92.31,0.048648
199,16,0.39751,91.03,0.035072
200,16,0.39330,91.03,0.015028
201,16,0.38946,91.03,0.001452
202,16,0.38916,91.03,0.003107
203,16,0.38607,91.03,0.018925
204,16,0.38448,92.31,0.038696
205,16,0.38579,92.31,0.049660
206,16,0.37694,93.59,0.044739
207,16,0.36898,93.59,0.027110
208,16,0.36782,94.87,0.008152
209,16,0.36798,93.59,0.000100
210,16,0.36779,94.87,0.008152
211,16,0.36885,93.59,0.027110
212,16,0.36732,93.59,0.044739
213,16,0.36601,94.87,0.049660
214,16,0.36553,94.87,0.038696
215,16,0.36756,94.87,0.018925
216,16,0.36815,94.87,0.003107
217,16,0.36821,94.87,0.001452
218,16,0.36824,94.87,0.015028
219,16,0.36468,94.87,0.035072
220,16,0.37236,93.59,0.048648
221,16,0.36678,94.87,0.046993
222,16,0.37285,93.59,0.031175
223,16,0.37726,92.31,0.011404
224,16,0.37641,92.31,0.000440
225,16,0.37585,92.31,0.005361
226,16,0.37293,93.59,0.022990
227,16,0.37656,93.59,0.041948
228,16,0.37782,93.59,0.050000
229,16,0.37800,92.31,0.041948
230,16,0.36883,94.87,0.022990
231,16,0.36946,94.87,0.005361
232,16,0.36997,94.87,0.000440
233,16,0.37083,94.87,0.011404
234,16,0.37080,93.59,0.031175
235,16,0.38250,92.31,0.046993
236,16,0.39191,91.03,0.048648
237,16,0.38589,92.31,0.035072
238,16,0.38004,93.59,0.015028
239,16,0.38010,93.59,0.001452
240,16,0.38010,93.59,0.003107
241,16,0.38049,93.59,0.018925
242,16,0.38153,93.59,0.038696
243,16,0.37570,93.59,0.049660
244,16,0.37435,93.59,0.044739
245,16,0.36500,94.87,0.027110
246,16,0.36676,94.87,0.008152
247,16,0.36746,94.87,0.000100
248,16,0.36777,94.87,0.008152
249,16,0.36596,94.87,0.027110
250,16,0.36605,94.87,0.044739
251,16,0.37081,94.87,0.049660
252,16,0.37688,93.59,0.038696
253,16,0.37521,93.59,0.018925
254,16,0.37522,93.59,0.003107
255,16,0.37507,93.59,0.001452
256,16,0.37428,93.59,0.015028
257,16,0.37007,94.87,0.035072
258,16,0.37261,93.59,0.048648
259,16,0.37040,93.59,0.046993
260,16,0.37367,93.59,0.031175
261,16,0.37530,92.31,0.011404
262,16,0.37420,92.31,0.000440
263,16,0.37389,93.59,0.005361
264,16,0.37013,94.87,0.022990
265,16,0.36592,94.87,0.041948
266,16,0.36753,93.59,0.050000
267,16,0.36959,94.87,0.041948
268,16,0.37214,93.59,0.022990
269,16,0.37258,93.59,0.005361
270,16,0.37256,93.59,0.000440
271,16,0.37192,93.59,0.011404
272,16,0.36672,94.87,0.031175
273,16,0.35949,96.15,0.046993
274,16,0.37113,93.59,0.048648
275,16,0.36545,94.87,0.035072
276,16,0.36628,94.87,0.015028
277,16,0.36429,94.87,0.001452
278,16,0.36419,94.87,0.003107
279,16,0.36307,96.15,0.018925
280,16,0.36293,94.87,0.038696
281,16,0.36408,94.87,0.049660
282,16,0.37376,93.59,0.044739
283,16,0.36752,94.87,0.027110
284,16,0.36470,94.87,0.008152
285,16,0.36471,94.87,0.000100
286,16,0.36464,94.87,0.008152
287,16,0.36735,94.87,0.027110
288,16,0.37980,92.31,0.044739
289,16,0.37918,92.31,0.049660
290,16,0.37647,92.31,0.038696
291,16,0.38028,92.31,0.018925
292,16,0.37710,93.59,0.003107
293,16,0.37675,93.59,0.001452
294,16,0.37578,93.59,0.015028
295,16,0.37452,93.59,0.035072
296,16,0.37016,93.59,0.048648
297,16,0.37228,93.59,0.046993
298,16,0.37849,92.31,0.031175
299,16,0.37806,92.31,0.011404
300,16,0.37624,92.31,0.000440
1,16,0.63919,66.67,0.041948
2,16,0.63738,66.67,0.022990
3,16,0.63716,66.67,0.005361
4,16,0.63709,66.67,0.000440
5,16,0.63643,66.67,0.011404
6,16,0.63611,66.67,0.031175
7,16,0.63714,66.67,0.046993
8,16,0.63940,66.67,0.048648
9,16,0.63464,66.67,0.035072
10,16,0.63199,66.67,0.015028
11,16,0.63131,66.67,0.001452
12,16,0.63128,66.67,0.003107
13,16,0.63103,66.67,0.018925
14,16,0.63695,67.95,0.038696
15,16,0.62047,67.95,0.049660
16,16,0.62239,73.08,0.044739
17,16,0.61292,73.08,0.027110
18,16,0.62625,67.95,0.008152
19,16,0.62996,65.38,0.000100
20,16,0.61635,74.36,0.008152
21,16,0.60797,71.79,0.027110
22,16,0.60684,71.79,0.044739
23,16,0.59562,74.36,0.049660
24,16,0.60941,70.51,0.038696
25,16,0.59289,71.79,0.018925
26,16,0.58354,74.36,0.003107
27,16,0.58772,74.36,0.001452
28,16,0.58930,74.36,0.015028
29,16,0.64275,61.54,0.035072
30,16,0.58131,71.79,0.048648
31,16,0.57364,74.36,0.046993
32,16,0.63817,62.82,0.031175
33,16,0.56322,75.64,0.011404
34,16,0.56360,75.64,0.000440
35,16,0.56612,74.36,0.005361
36,16,0.60626,69.23,0.022990
37,16,0.55401,79.49,0.041948
38,16,0.57383,73.08,0.050000
39,16,0.61971,70.51,0.041948
40,16,0.61501,67.95,0.022990
41,16,0.58351,73.08,0.005361
42,16,0.58737,73.08,0.000440
43,16,0.60111,69.23,0.011404
44,16,0.61616,65.38,0.031175
45,16,0.62118,67.95,0.046993
46,16,0.56167,75.64,0.048648
47,16,0.61472,70.51,0.035072
48,16,0.56888,75.64,0.015028
49,16,0.56191,75.64,0.001452
50,16,0.56245,75.64,0.003107
51,16,0.57016,74.36,0.018925
52,16,0.56438,75.64,0.038696
53,16,0.59644,71.79,0.049660
54,16,0.56401,78.21,0.044739
55,16,0.57839,75.64,0.027110
56,16,0.55185,78.21,0.008152
57,16,0.54658,79.49,0.000100
58,16,0.54375,79.49,0.008152
59,16,0.53581,79.49,0.027110
60,16,0.52488,80.77,0.044739
61,16,0.54863,75.64,0.049660
62,16,0.55402,75.64,0.038696
63,16,0.52565,80.77,0.018925
64,16,0.52527,80.77,0.003107
65,16,0.52531,80.77,0.001452
66,16,0.51314,82.05,0.015028
67,16,0.51861,79.49,0.035072
68,16,0.50358,82.05,0.048648
69,16,0.49497,83.33,0.046993
70,16,0.51075,80.77,0.031175
71,16,0.50906,82.05,0.011404
72,16,0.51800,78.21,0.000440
73,16,0.51704,78.21,0.005361
74,16,0.50161,82.05,0.022990
75,16,0.51868,80.77,0.041948
76,16,0.49375,83.33,0.050000
77,16,0.50849,80.77,0.041948
78,16,0.50187,80.77,0.022990
79,16,0.49879,82.05,0.005361
80,16,0.49904,80.77,0.000440
81,16,0.49729,80.77,0.011404
82,16,0.49029,82.05,0.031175
83,16,0.48188,84.62,0.046993
84,16,0.52738,78.21,0.048648
85,16,0.49566,82.05,0.035072
86,16,0.50120,83.33,0.015028
87,16,0.48955,82.05,0.001452
88,16,0.48928,82.05,0.003107
89,16,0.48693,82.05,0.018925
90,16,0.48999,82.05,0.038696
91,16,0.47881,83.33,0.049660
92,16,0.48574,82.05,0.044739
93,16,0.47085,83.33,0.027110
94,16,0.46949,84.62,0.008152
95,16,0.46871,84.62,0.000100
96,16,0.46817,84.62,0.008152
97,16,0.46042,85.90,0.027110
98,16,0.45952,84.62,0.044739
99,16,0.45521,84.62,0.049660
100,16,0.45317,85.90,0.038696
101,16,0.43189,89.74,0.018925
102,16,0.41925,88.46,0.003107
103,16,0.41744,88.46,0.001452
104,16,0.41711,89.74,0.015028
105,16,0.42161,91.03,0.035072
106,16,0.42268,91.03,0.048648
107,16,0.43839,87.18,0.046993
108,16,0.41993,91.03,0.031175
109,16,0.42038,89.74,0.011404
110,16,0.41991,91.03,0.000440
111,16,0.41954,91.03,0.005361
112,16,0.41606,91.03,0.022990
113,16,0.40945,91.03,0.041948
114,16,0.42465,88.46,0.050000
115,16,0.42798,88.46,0.041948
116,16,0.41041,91.03,0.022990
117,16,0.41042,91.03,0.005361
118,16,0.41058,91.03,0.000440
119,16,0.40977,91.03,0.011404
120,16,0.40747,91.03,0.031175
121,16,0.41421,91.03,0.046993
122,16,0.40656,91.03,0.048648
123,16,0.40554,92.31,0.035072
124,16,0.40140,93.59,0.015028
125,16,0.39719,93.59,0.001452
126,16,0.39633,93.59,0.003107
127,16,0.39296,92.31,0.018925
128,16,0.39452,92.31,0.038696
129,16,0.38672,93.59,0.049660
130,16,0.39391,92.31,0.044739
131,16,0.38542,92.31,0.027110
132,16,0.38311,93.59,0.008152
133,16,0.38202,93.59,0.000100
134,16,0.38313,93.59,0.008152
135,16,0.38400,93.59,0.027110
136,16,0.38334,93.59,0.044739
137,16,0.38200,92.31,0.049660
138,16,0.38553,92.31,0.038696
139,16,0.38803,92.31,0.018925
140,16,0.38529,92.31,0.003107
141,16,0.38520,92.31,0.001452
142,16,0.38499,92.31,0.015028
143,16,0.38599,93.59,0.035072
144,16,0.38386,92.31,0.048648
145,16,0.38168,93.59,0.046993
146,16,0.38033,93.59,0.031175
147,16,0.37970,93.59,0.011404
148,16,0.37990,93.59,0.000440
149,16,0.37987,93.59,0.005361
150,16,0.38056,93.59,0.022990
151,16,0.38834,92.31,0.041948
152,16,0.39436,92.31,0.050000
153,16,0.39076,92.31,0.041948
154,16,0.38962,92.31,0.022990
155,16,0.38974,92.31,0.005361
156,16,0.38923,92.31,0.000440
157,16,0.38945,92.31,0.011404
158,16,0.38975,92.31,0.031175
159,16,0.38723,92.31,0.046993
160,16,0.37889,93.59,0.048648
161,16,0.38128,92.31,0.035072
162,16,0.38316,92.31,0.015028
163,16,0.38243,92.31,0.001452
164,16,0.38223,92.31,0.003107
165,16,0.38068,93.59,0.018925
166,16,0.38069,93.59,0.038696
167,16,0.38071,92.31,0.049660
168,16,0.38575,92.31,0.044739
169,16,0.37885,93.59,0.027110
170,16,0.37827,93.59,0.008152
171,16,0.37811,93.59,0.000100
172,16,0.37805,93.59,0.008152
173,16,0.37747,93.59,0.027110
174,16,0.37681,93.59,0.044739
175,16,0.37588,93.59,0.049660
176,16,0.37266,93.59,0.038696
177,16,0.37247,93.59,0.018925
178,16,0.37014,93.59,0.003107
179,16,0.37012,93.59,0.001452
180,16,0.36995,93.59,0.015028
181,16,0.36385,94.87,0.035072
182,16,0.36549,93.59,0.048648
183,16,0.37036,93.59,0.046993
184,16,0.37395,93.59,0.031175
185,16,0.37053,93.59,0.011404
186,16,0.36976,93.59,0.000440
187,16,0.36932,93.59,0.005361
188,16,0.36693,94.87,0.022990
189,16,0.36361,93.59,0.041948
190,16,0.36900,94.87,0.050000
191,16,0.36860,93.59,0.041948
192,16,0.36193,94.87,0.022990
193,16,0.36268,94.87,0.005361
194,16,0.36274,94.87,0.000440
195,16,0.36280,94.87,0.011404
196,16,0.36762,93.59,0.031175
197,16,0.36843,94.87,0.046993
198,16,0.38053,93.59,0.048648
199,16,0.38027,92.31,0.035072
200,16,0.37836,93.59,0.015028
201,16,0.37586,93.59,0.001452
202,16,0.37565,93.59,0.003107
203,16,0.37355,93.59,0.018925
204,16,0.37057,94.87,0.038696
205,16,0.36773,94.87,0.049660
206,16,0.36632,94.87,0.044739
207,16,0.36378,94.87,0.027110
208,16,0.36218,94.87,0.008152
209,16,0.36220,94.87,0.000100
210,16,0.36228,94.87,0.008152
211,16,0.36266,94.87,0.027110
212,16,0.36743,93.59,0.044739
213,16,0.37558,93.59,0.049660
214,16,0.37444,93.59,0.038696
215,16,0.37788,93.59,0.018925
216,16,0.36868,94.87,0.003107
217,16,0.36848,94.87,0.001452
218,16,0.36842,93.59,0.015028
219,16,0.36424,93.59,0.035072
220,16,0.36317,94.87,0.048648
221,16,0.36296,94.87,0.046993
222,16,0.36784,94.87,0.031175
223,16,0.36627,94.87,0.011404
224,16,0.36630,94.87,0.000440
225,16,0.36630,94.87,0.005361
226,16,0.36462,94.87,0.022990
227,16,0.36245,94.87,0.041948
228,16,0.36232,94.87,0.050000
229,16,0.36340,94.87,0.041948
230,16,0.36303,94.87,0.022990
231,16,0.36305,94.87,0.005361
232,16,0.36299,94.87,0.000440
233,16,0.36266,94.87,0.011404
234,16,0.36259,94.87,0.031175
235,16,0.36220,94.87,0.046993
236,16,0.36146,94.87,0.048648
237,16,0.36606,94.87,0.035072
238,16,0.36434,94.87,0.015028
239,16,0.36414,94.87,0.001452
240,16,0.36402,94.87,0.003107
241,16,0.36261,94.87,0.018925
242,16,0.36278,94.87,0.038696
243,16,0.36348,94.87,0.049660
244,16,0.36516,94.87,0.044739
245,16,0.37078,93.59,0.027110
246,16,0.36744,94.87,0.008152
247,16,0.36824,94.87,0.000100
248,16,0.36696,94.87,0.008152
249,16,0.36530,94.87,0.027110
250,16,0.36288,94.87,0.044739
251,16,0.36471,94.87,0.049660
252,16,0.36512,94.87,0.038696
253,16,0.36564,94.87,0.018925
254,16,0.36607,94.87,0.003107
255,16,0.36605,94.87,0.001452
256,16,0.36521,94.87,0.015028
257,16,0.36363,94.87,0.035072
258,16,0.36431,94.87,0.048648
259,16,0.36520,94.87,0.046993
260,16,0.36491,94.87,0.031175
261,16,0.36315,94.87,0.011404
262,16,0.36296,94.87,0.000440
263,16,0.36300,94.87,0.005361
264,16,0.36265,94.87,0.022990
265,16,0.36024,94.87,0.041948
266,16,0.35969,94.87,0.050000
267,16,0.35986,94.87,0.041948
268,16,0.36347,94.87,0.022990
269,16,0.36377,94.87,0.005361
270,16,0.36375,94.87,0.000440
271,16,0.36347,94.87,0.011404
272,16,0.36276,94.87,0.031175
273,16,0.36605,94.87,0.046993
274,16,0.36734,93.59,0.048648
275,16,0.36469,94.87,0.035072
276,16,0.36442,94.87,0.015028
277,16,0.36453,94.87,0.001452
278,16,0.36451,94.87,0.003107
279,16,0.36427,94.87,0.018925
280,16,0.36441,94.87,0.038696
281,16,0.36412,94.87,0.049660
282,16,0.36359,94.87,0.044739
283,16,0.36393,94.87,0.027110
284,16,0.36555,94.87,0.008152
285,16,0.36612,94.87,0.000100
286,16,0.36522,94.87,0.008152
287,16,0.36379,94.87,0.027110
288,16,0.36189,94.87,0.044739
289,16,0.36348,94.87,0.049660
290,16,0.36429,94.87,0.038696
291,16,0.36428,94.87,0.018925
292,16,0.36364,94.87,0.003107
293,16,0.36357,94.87,0.001452
294,16,0.36367,94.87,0.015028
295,16,0.36365,94.87,0.035072
296,16,0.36425,94.87,0.048648
297,16,0.35274,96.15,0.046993
298,16,0.35302,96.15,0.031175
299,16,0.35214,96.15,0.011404
300,16,0.35213,96.15,0.000440
1,16,0.71760,51.28,0.041948
2,16,0.71940,51.28,0.022990
3,16,0.71695,51.28,0.005361
4,16,0.71623,51.28,0.000440
5,16,0.71660,51.28,0.011404
6,16,0.72035,51.28,0.031175
7,16,0.73008,51.28,0.046993
8,16,0.71337,51.28,0.048648
9,16,0.70987,51.28,0.035072
10,16,0.71779,51.28,0.015028
11,16,0.71207,51.28,0.001452
12,16,0.71053,51.28,0.003107
13,16,0.69845,52.56,0.018925
14,16,0.68438,55.13,0.038696
15,16,0.67826,56.41,0.049660
16,16,0.71516,55.13,0.044739
17,16,0.65743,61.54,0.027110
18,16,0.66367,60.26,0.008152
19,16,0.67060,57.69,0.000100
20,16,0.67572,57.69,0.008152
21,16,0.68717,56.41,0.027110
22,16,0.62597,66.67,0.044739
23,16,0.64106,64.10,0.049660
24,16,0.64576,69.23,0.038696
25,16,0.69026,57.69,0.018925
26,16,0.68485,58.97,0.003107
27,16,0.67621,58.97,0.001452
28,16,0.63935,69.23,0.015028
29,16,0.61991,69.23,0.035072
30,16,0.60929,71.79,0.048648
31,16,0.60043,70.51,0.046993
32,16,0.60490,70.51,0.031175
33,16,0.60359,71.79,0.011404
34,16,0.60366,71.79,0.000440
35,16,0.60358,71.79,0.005361
36,16,0.58722,71.79,0.022990
37,16,0.60583,71.79,0.041948
38,16,0.59948,74.36,0.050000
39,16,0.61525,71.79,0.041948
40,16,0.60901,74.36,0.022990
41,16,0.58824,74.36,0.005361
42,16,0.58786,74.36,0.000440
43,16,0.58566,73.08,0.011404
44,16,0.60015,71.79,0.031175
45,16,0.59367,70.51,0.046993
46,16,0.57798,73.08,0.048648
47,16,0.57659,74.36,0.035072
48,16,0.56412,71.79,0.015028
49,16,0.56478,73.08,0.001452
50,16,0.56553,71.79,0.003107
51,16,0.56992,74.36,0.018925
52,16,0.56374,76.92,0.038696
53,16,0.56669,73.08,0.049660
54,16,0.57635,71.79,0.044739
55,16,0.57862,73.08,0.027110
56,16,0.56795,74.36,0.008152
57,16,0.56297,74.36,0.000100
58,16,0.56307,74.36,0.008152
59,16,0.56055,75.64,0.027110
60,16,0.57246,74.36,0.044739
61,16,0.56489,74.36,0.049660
62,16,0.55732,73.08,0.038696
63,16,0.57792,73.08,0.018925
64,16,0.56234,73.08,0.003107
65,16,0.56159,71.79,0.001452
66,16,0.55834,73.08,0.015028
67,16,0.55057,74.36,0.035072
68,16,0.54432,78.21,0.048648
69,16,0.55937,75.64,0.046993
70,16,0.56105,74.36,0.031175
71,16,0.56356,74.36,0.011404
72,16,0.56317,74.36,0.000440
73,16,0.55985,74.36,0.005361
74,16,0.54670,76.92,0.022990
75,16,0.55621,75.64,0.041948
76,16,0.55753,75.64,0.050000
77,16,0.55784,71.79,0.041948
78,16,0.54915,76.92,0.022990
79,16,0.54001,76.92,0.005361
80,16,0.53980,75.64,0.000440
81,16,0.53583,75.64,0.011404
82,16,0.53172,79.49,0.031175
83,16,0.52441,80.77,0.046993
84,16,0.51885,79.49,0.048648
85,16,0.51191,80.77,0.035072
86,16,0.51743,80.77,0.015028
87,16,0.52274,80.77,0.001452
88,16,0.52207,80.77,0.003107
89,16,0.51637,79.49,0.018925
90,16,0.52835,76.92,0.038696
91,16,0.52610,78.21,0.049660
92,16,0.52101,79.49,0.044739
93,16,0.52751,78.21,0.027110
94,16,0.50779,80.77,0.008152
95,16,0.50716,80.77,0.000100
96,16,0.50728,79.49,0.008152
97,16,0.51109,79.49,0.027110
98,16,0.49981,82.05,0.044739
99,16,0.51116,80.77,0.049660
100,16,0.48189,87.18,0.038696
101,16,0.48543,83.33,0.018925
102,16,0.48850,83.33,0.003107
103,16,0.48690,83.33,0.001452
104,16,0.48434,84.62,0.015028
105,16,0.48921,80.77,0.035072
106,16,0.48218,83.33,0.048648
107,16,0.48389,84.62,0.046993
108,16,0.49803,82.05,0.031175
109,16,0.48241,85.90,0.011404
110,16,0.48170,84.62,0.000440
111,16,0.48032,85.90,0.005361
112,16,0.48198,85.90,0.022990
113,16,0.48632,83.33,0.041948
114,16,0.47809,84.62,0.050000
115,16,0.48030,83.33,0.041948
116,16,0.49647,82.05,0.022990
117,16,0.48318,83.33,0.005361
118,16,0.48205,83.33,0.000440
119,16,0.48029,84.62,0.011404
120,16,0.48110,84.62,0.031175
121,16,0.47707,84.62,0.046993
122,16,0.48464,83.33,0.048648
123,16,0.46866,84.62,0.035072
124,16,0.46315,85.90,0.015028
125,16,0.46261,85.90,0.001452
126,16,0.46262,85.90,0.003107
127,16,0.46146,85.90,0.018925
128,16,0.45651,85.90,0.038696
129,16,0.45515,87.18,0.049660
130,16,0.48074,84.62,0.044739
131,16,0.49203,80.77,0.027110
132,16,0.48750,83.33,0.008152
133,16,0.48452,83.33,0.000100
134,16,0.48176,84.62,0.008152
135,16,0.48045,84.62,0.027110
136,16,0.48057,82.05,0.044739
137,16,0.50357,79.49,0.049660
138,16,0.48408,83.33,0.038696
139,16,0.48015,83.33,0.018925
140,16,0.47696,84.62,0.003107
141,16,0.47681,84.62,0.001452
142,16,0.47442,84.62,0.015028
143,16,0.46331,85.90,0.035072
144,16,0.46268,85.90,0.048648
145,16,0.46041,85.90,0.046993
146,16,0.45565,87.18,0.031175
147,16,0.45714,85.90,0.011404
148,16,0.45734,85.90,0.000440
149,16,0.45627,85.90,0.005361
150,16,0.45523,87.18,0.022990
151,16,0.46303,85.90,0.041948
152,16,0.46434,84.62,0.050000
153,16,0.46708,83.33,0.041948
154,16,0.46750,83.33,0.022990
155,16,0.46762,83.33,0.005361
156,16,0.46769,83.33,0.000440
157,16,0.46502,83.33,0.011404
158,16,0.45479,84.62,0.031175
159,16,0.45195,84.62,0.046993
160,16,0.46277,83.33,0.048648
161,16,0.45090,87.18,0.035072
162,16,0.45384,85.90,0.015028
163,16,0.44748,87.18,0.001452
164,16,0.44683,87.18,0.003107
165,16,0.44606,87.18,0.018925
166,16,0.44442,87.18,0.038696
167,16,0.43914,88.46,0.049660
168,16,0.44308,87.18,0.044739
169,16,0.44002,88.46,0.027110
170,16,0.44192,87.18,0.008152
171,16,0.44085,87.18,0.000100
172,16,0.44000,87.18,0.008152
173,16,0.43415,88.46,0.027110
174,16,0.43868,88.46,0.044739
175,16,0.43910,88.46,0.049660
176,16,0.43924,85.90,0.038696
177,16,0.43789,85.90,0.018925
178,16,0.43851,85.90,0.003107
179,16,0.43843,85.90,0.001452
180,16,0.43740,85.90,0.015028
181,16,0.43228,88.46,0.035072
182,16,0.43700,89.74,0.048648
183,16,0.42848,89.74,0.046993
184,16,0.43219,88.46,0.031175
185,16,0.43360,88.46,0.011404
186,16,0.43335,89.74,0.000440
187,16,0.43290,89.74,0.005361
188,16,0.43115,88.46,0.022990
189,16,0.43235,88.46,0.041948
190,16,0.42591,89.74,0.050000
191,16,0.42506,89.74,0.041948
192,16,0.42506,89.74,0.022990
193,16,0.42290,89.74,0.005361
194,16,0.42307,89.74,0.000440
195,16,0.42273,89.74,0.011404
196,16,0.41962,89.74,0.031175
197,16,0.42553,89.74,0.046993
198,16,0.43072,88.46,0.048648
199,16,0.43697,87.18,0.035072
200,16,0.43006,88.46,0.015028
201,16,0.42865,88.46,0.001452
202,16,0.42848,88.46,0.003107
203,16,0.43079,87.18,0.018925
204,16,0.43362,88.46,0.038696
205,16,0.43104,88.46,0.049660
206,16,0.43849,87.18,0.044739
207,16,0.43543,88.46,0.027110
208,16,0.43243,87.18,0.008152
209,16,0.43157,87.18,0.000100
210,16,0.43136,87.18,0.008152
211,16,0.42860,87.18,0.027110
212,16,0.42329,89.74,0.044739
213,16,0.42984,88.46,0.049660
214,16,0.42676,88.46,0.038696
215,16,0.42446,89.74,0.018925
216,16,0.42407,89.74,0.003107
217,16,0.42399,89.74,0.001452
218,16,0.42412,89.74,0.015028
219,16,0.42386,89.74,0.035072
220,16,0.41604,91.03,0.048648
221,16,0.42332,88.46,0.046993
222,16,0.41947,91.03,0.031175
223,16,0.42040,91.03,0.011404
224,16,0.42013,89.74,0.000440
225,16,0.41953,91.03,0.005361
226,16,0.41645,89.74,0.022990
227,16,0.41375,91.03,0.041948
228,16,0.41598,91.03,0.050000
229,16,0.41629,89.74,0.041948
230,16,0.42371,88.46,0.022990
231,16,0.42682,88.46,0.005361
232,16,0.42616,88.46,0.000440
233,16,0.42480,88.46,0.011404
234,16,0.41719,89.74,0.031175
235,16,0.41540,89.74,0.046993
236,16,0.41813,88.46,0.048648
237,16,0.43380,88.46,0.035072
238,16,0.43933,87.18,0.015028
239,16,0.43451,88.46,0.001452
240,16,0.43400,88.46,0.003107
241,16,0.43049,87.18,0.018925
242,16,0.43119,87.18,0.038696
243,16,0.43126,88.46,0.049660
244,16,0.42816,87.18,0.044739
245,16,0.42900,87.18,0.027110
246,16,0.42761,87.18,0.008152
247,16,0.42698,87.18,0.000100
248,16,0.42677,87.18,0.008152
249,16,0.42678,87.18,0.027110
250,16,0.42319,89.74,0.044739
251,16,0.41976,89.74,0.049660
252,16,0.41812,89.74,0.038696
253,16,0.41967,89.74,0.018925
254,16,0.42130,89.74,0.003107
255,16,0.42144,89.74,0.001452
256,16,0.42145,89.74,0.015028
257,16,0.41961,89.74,0.035072
258,16,0.41782,89.74,0.048648
259,16,0.41985,89.74,0.046993
260,16,0.41984,89.74,0.031175
261,16,0.41976,89.74,0.011404
262,16,0.41929,89.74,0.000440
263,16,0.41919,89.74,0.005361
264,16,0.41883,89.74,0.022990
265,16,0.41971,88.46,0.041948
266,16,0.42051,88.46,0.050000
267,16,0.42019,88.46,0.041948
268,16,0.42178,88.46,0.022990
269,16,0.42071,88.46,0.005361
270,16,0.41992,88.46,0.000440
271,16,0.41965,88.46,0.011404
272,16,0.41682,88.46,0.031175
273,16,0.41516,89.74,0.046993
274,16,0.41712,88.46,0.048648
275,16,0.40898,91.03,0.035072
276,16,0.40407,91.03,0.015028
277,16,0.40463,89.74,0.001452
278,16,0.40470,89.74,0.003107
279,16,0.40469,91.03,0.018925
280,16,0.40527,89.74,0.038696
281,16,0.40724,91.03,0.049660
282,16,0.40730,89.74,0.044739
283,16,0.40778,91.03,0.027110
284,16,0.40738,91.03,0.008152
285,16,0.40746,91.03,0.000100
286,16,0.40741,91.03,0.008152
287,16,0.40620,89.74,0.027110
288,16,0.40622,91.03,0.044739
289,16,0.40868,89.74,0.049660
290,16,0.41296,88.46,0.038696
291,16,0.40778,89.74,0.018925
292,16,0.40634,89.74,0.003107
293,16,0.40630,89.74,0.001452
294,16,0.40670,89.74,0.015028
295,16,0.40404,91.03,0.035072
296,16,0.40087,92.31,0.048648
297,16,0.40553,91.03,0.046993
298,16,0.41318,88.46,0.031175
299,16,0.41240,89.74,0.011404
300,16,0.41220,91.03,0.000440
1,16,0.69708,56.41,0.041948
2,16,0.70404,56.41,0.022990
3,16,0.69959,56.41,0.005361
4,16,0.69902,56.41,0.000440
5,16,0.69892,56.41,0.011404
6,16,0.70064,56.41,0.031175
7,16,0.69583,56.41,0.046993
8,16,0.69053,56.41,0.048648
9,16,0.68757,56.41,0.035072
10,16,0.69187,56.41,0.015028
11,16,0.68394,56.41,0.001452
12,16,0.68431,56.41,0.003107
13,16,0.67974,56.41,0.018925
14,16,0.70236,56.41,0.038696
15,16,0.68435,56.41,0.049660
16,16,0.69531,56.41,0.044739
17,16,0.66783,62.82,0.027110
18,16,0.68804,56.41,0.008152
19,16,0.69526,56.41,0.000100
20,16,0.67515,56.41,0.008152
21,16,0.67501,57.69,0.027110
22,16,0.67167,60.26,0.044739
23,16,0.70300,57.69,0.049660
24,16,0.67786,60.26,0.038696
25,16,0.66453,62.82,0.018925
26,16,0.64637,65.38,0.003107
27,16,0.64715,65.38,0.001452
28,16,0.66788,62.82,0.015028
29,16,0.63813,65.38,0.035072
30,16,0.67471,58.97,0.048648
31,16,0.65638,60.26,0.046993
32,16,0.64678,62.82,0.031175
33,16,0.63675,64.10,0.011404
34,16,0.63000,64.10,0.000440
35,16,0.63047,64.10,0.005361
36,16,0.61856,67.95,0.022990
37,16,0.60232,74.36,0.041948
38,16,0.59753,73.08,0.050000
39,16,0.62364,67.95,0.041948
40,16,0.57615,75.64,0.022990
41,16,0.60107,70.51,0.005361
42,16,0.60582,71.79,0.000440
43,16,0.58010,73.08,0.011404
44,16,0.60258,66.67,0.031175
45,16,0.61140,70.51,0.046993
46,16,0.58459,73.08,0.048648
47,16,0.56996,74.36,0.035072
48,16,0.57956,73.08,0.015028
49,16,0.57644,73.08,0.001452
50,16,0.57399,73.08,0.003107
51,16,0.56940,74.36,0.018925
52,16,0.59230,71.79,0.038696
53,16,0.59123,74.36,0.049660
54,16,0.58337,70.51,0.044739
55,16,0.59215,67.95,0.027110
56,16,0.58216,73.08,0.008152
57,16,0.58020,73.08,0.000100
58,16,0.57635,71.79,0.008152
59,16,0.58732,73.08,0.027110
60,16,0.55788,74.36,0.044739
61,16,0.55398,73.08,0.049660
62,16,0.59271,69.23,0.038696
63,16,0.55774,71.79,0.018925
64,16,0.56408,71.79,0.003107
65,16,0.56160,71.79,0.001452
66,16,0.55614,74.36,0.015028
67,16,0.55625,75.64,0.035072
68,16,0.54026,74.36,0.048648
69,16,0.56201,75.64,0.046993
70,16,0.56482,74.36,0.031175
71,16,0.53671,75.64,0.011404
72,16,0.54010,76.92,0.000440
73,16,0.53975,76.92,0.005361
74,16,0.55703,74.36,0.022990
75,16,0.52016,82.05,0.041948
76,16,0.51491,83.33,0.050000
77,16,0.53830,74.36,0.041948
78,16,0.53743,78.21,0.022990
79,16,0.51895,76.92,0.005361
80,16,0.51882,76.92,0.000440
81,16,0.52218,78.21,0.011404
82,16,0.53559,78.21,0.031175
83,16,0.49747,84.62,0.046993
84,16,0.50876,82.05,0.048648
85,16,0.51504,80.77,0.035072
86,16,0.50661,80.77,0.015028
87,16,0.50531,80.77,0.001452
88,16,0.50493,80.77,0.003107
89,16,0.50568,82.05,0.018925
90,16,0.48499,83.33,0.038696
91,16,0.53101,75.64,0.049660
92,16,0.49682,80.77,0.044739
93,16,0.46993,84.62,0.027110
94,16,0.47399,85.90,0.008152
95,16,0.47183,85.90,0.000100
96,16,0.47087,85.90,0.008152
97,16,0.47404,84.62,0.027110
98,16,0.46869,83.33,0.044739
99,16,0.47320,85.90,0.049660
100,16,0.48418,82.05,0.038696
101,16,0.49807,79.49,0.018925
102,16,0.48882,82.05,0.003107
103,16,0.48620,82.05,0.001452
104,16,0.47830,83.33,0.015028
105,16,0.49652,82.05,0.035072
106,16,0.47553,84.62,0.048648
107,16,0.49837,83.33,0.046993
108,16,0.50983,82.05,0.031175
109,16,0.49378,82.05,0.011404
110,16,0.48252,84.62,0.000440
111,16,0.48160,84.62,0.005361
112,16,0.47925,84.62,0.022990
113,16,0.46061,85.90,0.041948
114,16,0.46300,87.18,0.050000
115,16,0.47694,84.62,0.041948
116,16,0.46155,85.90,0.022990
117,16,0.49061,82.05,0.005361
118,16,0.48446,83.33,0.000440
119,16,0.46690,84.62,0.011404
120,16,0.46365,84.62,0.031175
121,16,0.46577,84.62,0.046993
122,16,0.44248,88.46,0.048648
123,16,0.46452,85.90,0.035072
124,16,0.45262,85.90,0.015028
125,16,0.45289,85.90,0.001452
126,16,0.45305,85.90,0.003107
127,16,0.46045,85.90,0.018925
128,16,0.45188,85.90,0.038696
129,16,0.45435,87.18,0.049660
130,16,0.44955,85.90,0.044739
131,16,0.49679,83.33,0.027110
132,16,0.44912,84.62,0.008152
133,16,0.44148,88.46,0.000100
134,16,0.44428,85.90,0.008152
135,16,0.46127,84.62,0.027110
136,16,0.46239,84.62,0.044739
137,16,0.45676,87.18,0.049660
138,16,0.48530,79.49,0.038696
139,16,0.45241,85.90,0.018925
140,16,0.45032,84.62,0.003107
141,16,0.45013,84.62,0.001452
142,16,0.45186,83.33,0.015028
143,16,0.43830,88.46,0.035072
144,16,0.43158,88.46,0.048648
145,16,0.45795,84.62,0.046993
146,16,0.44478,85.90,0.031175
147,16,0.43439,87.18,0.011404
148,16,0.43171,88.46,0.000440
149,16,0.43068,88.46,0.005361
150,16,0.43353,88.46,0.022990
151,16,0.42755,89.74,0.041948
152,16,0.43728,87.18,0.050000
153,16,0.43146,88.46,0.041948
154,16,0.42718,89.74,0.022990
155,16,0.43602,89.74,0.005361
156,16,0.43706,89.74,0.000440
157,16,0.43036,89.74,0.011404
158,16,0.43467,88.46,0.031175
159,16,0.43096,88.46,0.046993
160,16,0.46396,83.33,0.048648
161,16,0.43769,84.62,0.035072
162,16,0.44762,84.62,0.015028
163,16,0.44134,85.90,0.001452
164,16,0.44128,84.62,0.003107
165,16,0.43668,87.18,0.018925
166,16,0.44473,85.90,0.038696
167,16,0.42430,88.46,0.049660
168,16,0.45123,85.90,0.044739
169,16,0.42612,87.18,0.027110
170,16,0.43623,87.18,0.008152
171,16,0.43666,87.18,0.000100
172,16,0.43480,87.18,0.008152
173,16,0.43587,87.18,0.027110
174,16,0.44167,87.18,0.044739
175,16,0.44756,85.90,0.049660
176,16,0.44182,85.90,0.038696
177,16,0.44517,85.90,0.018925
178,16,0.43967,87.18,0.003107
179,16,0.43847,87.18,0.001452
180,16,0.42993,87.18,0.015028
181,16,0.43131,87.18,0.035072
182,16,0.44398,87.18,0.048648
183,16,0.41462,89.74,0.046993
184,16,0.43626,87.18,0.031175
185,16,0.43039,88.46,0.011404
186,16,0.42771,88.46,0.000440
187,16,0.42747,88.46,0.005361
188,16,0.43283,87.18,0.022990
189,16,0.42912,87.18,0.041948
190,16,0.42608,88.46,0.050000
191,16,0.42936,88.46,0.041948
192,16,0.41444,87.18,0.022990
193,16,0.41540,88.46,0.005361
194,16,0.41633,88.46,0.000440
195,16,0.41764,88.46,0.011404
196,16,0.42994,85.90,0.031175
197,16,0.42622,87.18,0.046993
198,16,0.42183,91.03,0.048648
199,16,0.43205,87.18,0.035072
200,16,0.42889,85.90,0.015028
201,16,0.42426,89.74,0.001452
202,16,0.42421,89.74,0.003107
203,16,0.42541,87.18,0.018925
204,16,0.43090,87.18,0.038696
205,16,0.41902,88.46,0.049660
206,16,0.44318,84.62,0.044739
207,16,0.44842,84.62,0.027110
208,16,0.44712,84.62,0.008152
209,16,0.44755,84.62,0.000100
210,16,0.44816,84.62,0.008152
211,16,0.44790,84.62,0.027110
212,16,0.43127,85.90,0.044739
213,16,0.44212,87.18,0.049660
214,16,0.43625,87.18,0.038696
215,16,0.44071,85.90,0.018925
216,16,0.44009,85.90,0.003107
217,16,0.44012,85.90,0.001452
218,16,0.43991,85.90,0.015028
219,16,0.44341,84.62,0.035072
220,16,0.43321,88.46,0.048648
221,16,0.43701,87.18,0.046993
222,16,0.43317,87.18,0.031175
223,16,0.42722,89.74,0.011404
224,16,0.43173,85.90,0.000440
225,16,0.43070,85.90,0.005361
226,16,0.42811,89.74,0.022990
227,16,0.42434,88.46,0.041948
228,16,0.42535,87.18,0.050000
229,16,0.44660,85.90,0.041948
230,16,0.43062,88.46,0.022990
231,16,0.43131,88.46,0.005361
232,16,0.43200,88.46,0.000440
233,16,0.43212,88.46,0.011404
234,16,0.42954,88.46,0.031175
235,16,0.42126,88.46,0.046993
236,16,0.42654,88.46,0.048648
237,16,0.43510,88.46,0.035072
238,16,0.42722,88.46,0.015028
239,16,0.42686,88.46,0.001452
240,16,0.42717,88.46,0.003107
241,16,0.42866,88.46,0.018925
242,16,0.42757,88.46,0.038696
243,16,0.43071,88.46,0.049660
244,16,0.43254,87.18,0.044739
245,16,0.42484,88.46,0.027110
246,16,0.42620,88.46,0.008152
247,16,0.42677,88.46,0.000100
248,16,0.42789,88.46,0.008152
249,16,0.42624,88.46,0.027110
250,16,0.41742,89.74,0.044739
251,16,0.42793,87.18,0.049660
252,16,0.43206,87.18,0.038696
253,16,0.44098,87.18,0.018925
254,16,0.43824,87.18,0.003107
255,16,0.43751,87.18,0.001452
256,16,0.43108,87.18,0.015028
257,16,0.42467,87.18,0.035072
258,16,0.43988,87.18,0.048648
259,16,0.42865,88.46,0.046993
260,16,0.43698,87.18,0.031175
261,16,0.43962,87.18,0.011404
262,16,0.43980,87.18,0.000440
263,16,0.43974,87.18,0.005361
264,16,0.43934,87.18,0.022990
265,16,0.43189,87.18,0.041948
266,16,0.43421,87.18,0.050000
267,16,0.43038,85.90,0.041948
268,16,0.43616,88.46,0.022990
269,16,0.43840,87.18,0.005361
270,16,0.43646,87.18,0.000440
271,16,0.43458,87.18,0.011404
272,16,0.43383,87.18,0.031175
273,16,0.43437,87.18,0.046993
274,16,0.43053,87.18,0.048648
275,16,0.43530,87.18,0.035072
276,16,0.43338,88.46,0.015028
277,16,0.43593,87.18,0.001452
278,16,0.43574,87.18,0.003107
279,16,0.43428,88.46,0.018925
280,16,0.44272,87.18,0.038696
281,16,0.43105,87.18,0.049660
282,16,0.43763,87.18,0.044739
283,16,0.42840,87.18,0.027110
284,16,0.42960,87.18,0.008152
285,16,0.42960,87.18,0.000100
286,16,0.43146,87.18,0.008152
287,16,0.43507,87.18,0.027110
288,16,0.43450,87.18,0.044739
289,16,0.43597,87.18,0.049660
290,16,0.46508,84.62,0.038696
291,16,0.46619,84.62,0.018925
292,16,0.46347,83.33,0.003107
293,16,0.46183,83.33,0.001452
294,16,0.45857,83.33,0.015028
295,16,0.43564,87.18,0.035072
296,16,0.43312,87.18,0.048648
297,16,0.44076,87.18,0.046993
298,16,0.43955,87.18,0.031175
299,16,0.43917,87.18,0.011404
300,16,0.43824,87.18,0.000440
1,16,0.68996,56.41,0.041948
2,16,0.69720,56.41,0.022990
3,16,0.69094,56.41,0.005361
4,16,0.68968,56.41,0.000440
5,16,0.68539,56.41,0.011404
6,16,0.68249,56.41,0.031175
7,16,0.69921,56.41,0.046993
8,16,0.67684,56.41,0.048648
9,16,0.66746,58.97,0.035072
10,16,0.68593,56.41,0.015028
11,16,0.67784,56.41,0.001452
12,16,0.67631,56.41,0.003107
13,16,0.66814,57.69,0.018925
14,16,0.65933,61.54,0.038696
15,16,0.65879,60.26,0.049660
16,16,0.63382,69.23,0.044739
17,16,0.67661,56.41,0.027110
18,16,0.65252,61.54,0.008152
19,16,0.63222,66.67,0.000100
20,16,0.62789,65.38,0.008152
21,16,0.63075,65.38,0.027110
22,16,0.62076,65.38,0.044739
23,16,0.62518,64.10,0.049660
24,16,0.60414,66.67,0.038696
25,16,0.63519,65.38,0.018925
26,16,0.60929,69.23,0.003107
27,16,0.60471,70.51,0.001452
28,16,0.58749,73.08,0.015028
29,16,0.59045,70.51,0.035072
30,16,0.56448,75.64,0.048648
31,16,0.57172,70.51,0.046993
32,16,0.55348,71.79,0.031175
33,16,0.54356,79.49,0.011404
34,16,0.54271,78.21,0.000440
35,16,0.54249,78.21,0.005361
36,16,0.54017,79.49,0.022990
37,16,0.54394,75.64,0.041948
38,16,0.54004,78.21,0.050000
39,16,0.56367,74.36,0.041948
40,16,0.51847,80.77,0.022990
41,16,0.52917,83.33,0.005361
42,16,0.52702,83.33,0.000440
43,16,0.52068,83.33,0.011404
44,16,0.52578,79.49,0.031175
45,16,0.53916,76.92,0.046993
46,16,0.54823,74.36,0.048648
47,16,0.57787,70.51,0.035072
48,16,0.53050,78.21,0.015028
49,16,0.51881,79.49,0.001452
50,16,0.51848,80.77,0.003107
51,16,0.52278,82.05,0.018925
52,16,0.49303,83.33,0.038696
53,16,0.49061,82.05,0.049660
54,16,0.48359,84.62,0.044739
55,16,0.49602,84.62,0.027110
56,16,0.48268,87.18,0.008152
57,16,0.48104,87.18,0.000100
58,16,0.47939,87.18,0.008152
59,16,0.47911,87.18,0.027110
60,16,0.46404,87.18,0.044739
61,16,0.48635,82.05,0.049660
62,16,0.48583,84.62,0.038696
63,16,0.47606,83.33,0.018925
64,16,0.47094,85.90,0.003107
65,16,0.47121,85.90,0.001452
66,16,0.47324,84.62,0.015028
67,16,0.47641,85.90,0.035072
68,16,0.48049,83.33,0.048648
69,16,0.48762,84.62,0.046993
70,16,0.49146,83.33,0.031175
71,16,0.47165,85.90,0.011404
72,16,0.46835,85.90,0.000440
73,16,0.46818,85.90,0.005361
74,16,0.46609,85.90,0.022990
75,16,0.46039,85.90,0.041948
76,16,0.46177,85.90,0.050000
77,16,0.45555,87.18,0.041948
78,16,0.44853,85.90,0.022990
79,16,0.44424,88.46,0.005361
80,16,0.44415,88.46,0.000440
81,16,0.44337,85.90,0.011404
82,16,0.44242,87.18,0.031175
83,16,0.44974,88.46,0.046993
84,16,0.44386,89.74,0.048648
85,16,0.43643,88.46,0.035072
86,16,0.43395,91.03,0.015028
87,16,0.43063,89.74,0.001452
88,16,0.43033,89.74,0.003107
89,16,0.43181,91.03,0.018925
90,16,0.42474,91.03,0.038696
91,16,0.42024,92.31,0.049660
92,16,0.41394,91.03,0.044739
93,16,0.42307,89.74,0.027110
94,16,0.42242,89.74,0.008152
95,16,0.41947,89.74,0.000100
96,16,0.41876,89.74,0.008152
97,16,0.40977,92.31,0.027110
98,16,0.40649,92.31,0.044739
99,16,0.41292,91.03,0.049660
100,16,0.40720,92.31,0.038696
101,16,0.41339,89.74,0.018925
102,16,0.41081,91.03,0.003107
103,16,0.41047,91.03,0.001452
104,16,0.40843,91.03,0.015028
105,16,0.40310,91.03,0.035072
106,16,0.40522,91.03,0.048648
107,16,0.40574,91.03,0.046993
108,16,0.40316,91.03,0.031175
109,16,0.40322,92.31,0.011404
110,16,0.40103,93.59,0.000440
111,16,0.39961,93.59,0.005361
112,16,0.39376,93.59,0.022990
113,16,0.39227,93.59,0.041948
114,16,0.39144,92.31,0.050000
115,16,0.39380,91.03,0.041948
116,16,0.38052,93.59,0.022990
117,16,0.37991,94.87,0.005361
118,16,0.37979,94.87,0.000440
119,16,0.38047,94.87,0.011404
120,16,0.38137,93.59,0.031175
121,16,0.38372,93.59,0.046993
122,16,0.38687,92.31,0.048648
123,16,0.38920,92.31,0.035072
124,16,0.38872,93.59,0.015028
125,16,0.38700,93.59,0.001452
126,16,0.38663,93.59,0.003107
127,16,0.38404,93.59,0.018925
128,16,0.38660,93.59,0.038696
129,16,0.40103,93.59,0.049660
130,16,0.39746,92.31,0.044739
131,16,0.38442,94.87,0.027110
132,16,0.37809,93.59,0.008152
133,16,0.37734,94.87,0.000100
134,16,0.37713,94.87,0.008152
135,16,0.38038,94.87,0.027110
136,16,0.36872,96.15,0.044739
137,16,0.36795,96.15,0.049660
138,16,0.36880,96.15,0.038696
139,16,0.37503,96.15,0.018925
140,16,0.37146,96.15,0.003107
141,16,0.37118,96.15,0.001452
142,16,0.36816,96.15,0.015028
143,16,0.36932,96.15,0.035072
144,16,0.36634,96.15,0.048648
145,16,0.38392,93.59,0.046993
146,16,0.36916,94.87,0.031175
147,16,0.37774,94.87,0.011404
148,16,0.37208,94.87,0.000440
149,16,0.37080,94.87,0.005361
150,16,0.36876,94.87,0.022990
151,16,0.37328,94.87,0.041948
152,16,0.37557,93.59,0.050000
153,16,0.36813,94.87,0.041948
154,16,0.37367,93.59,0.022990
155,16,0.37551,93.59,0.005361
156,16,0.37621,93.59,0.000440
157,16,0.37516,93.59,0.011404
158,16,0.36894,94.87,0.031175
159,16,0.36927,94.87,0.046993
160,16,0.37359,93.59,0.048648
161,16,0.37523,94.87,0.035072
162,16,0.36802,94.87,0.015028
163,16,0.36598,94.87,0.001452
164,16,0.36593,94.87,0.003107
165,16,0.36464,96.15,0.018925
166,16,0.36586,96.15,0.038696
167,16,0.37875,93.59,0.049660
168,16,0.37374,94.87,0.044739
169,16,0.37894,93.59,0.027110
170,16,0.37193,93.59,0.008152
171,16,0.37210,93.59,0.000100
172,16,0.37200,93.59,0.008152
173,16,0.37084,93.59,0.027110
174,16,0.36570,96.15,0.044739
175,16,0.36293,94.87,0.049660
176,16,0.36019,96.15,0.038696
177,16,0.35931,96.15,0.018925
178,16,0.35927,96.15,0.003107
179,16,0.35934,96.15,0.001452
180,16,0.35988,96.15,0.015028
181,16,0.36628,94.87,0.035072
182,16,0.37149,94.87,0.048648
183,16,0.37262,93.59,0.046993
184,16,0.37171,93.59,0.031175
185,16,0.36532,93.59,0.011404
186,16,0.36585,93.59,0.000440
187,16,0.36614,93.59,0.005361
188,16,0.36432,94.87,0.022990
189,16,0.36613,94.87,0.041948
190,16,0.36337,94.87,0.050000
191,16,0.36162,96.15,0.041948
192,16,0.36411,94.87,0.022990
193,16,0.36592,94.87,0.005361
194,16,0.36584,94.87,0.000440
195,16,0.36665,94.87,0.011404
196,16,0.36976,93.59,0.031175
197,16,0.35894,96.15,0.046993
198,16,0.36485,94.87,0.048648
199,16,0.36981,94.87,0.035072
200,16,0.36758,94.87,0.015028
201,16,0.36702,94.87,0.001452
202,16,0.36689,94.87,0.003107
203,16,0.36512,94.87,0.018925
204,16,0.36516,94.87,0.038696
205,16,0.36828,94.87,0.049660
206,16,0.36736,94.87,0.044739
207,16,0.36728,94.87,0.027110
208,16,0.36919,94.87,0.008152
209,16,0.36984,93.59,0.000100
210,16,0.37045,93.59,0.008152
211,16,0.37088,93.59,0.027110
212,16,0.36989,93.59,0.044739
213,16,0.37053,94.87,0.049660
214,16,0.36630,94.87,0.038696
215,16,0.37127,93.59,0.018925
216,16,0.37021,93.59,0.003107
217,16,0.36985,93.59,0.001452
218,16,0.36974,93.59,0.015028
219,16,0.37348,92.31,0.035072
220,16,0.36901,94.87,0.048648
221,16,0.36555,94.87,0.046993
222,16,0.36581,94.87,0.031175
223,16,0.36544,94.87,0.011404
224,16,0.36725,94.87,0.000440
225,16,0.36753,94.87,0.005361
226,16,0.36986,93.59,0.022990
227,16,0.37205,93.59,0.041948
228,16,0.36768,94.87,0.050000
229,16,0.36502,94.87,0.041948
230,16,0.36523,94.87,0.022990
231,16,0.36489,94.87,0.005361
232,16,0.36489,94.87,0.000440
233,16,0.36497,94.87,0.011404
234,16,0.36492,94.87,0.031175
235,16,0.36131,96.15,0.046993
236,16,0.36326,94.87,0.048648
237,16,0.36790,93.59,0.035072
238,16,0.37161,93.59,0.015028
239,16,0.37582,92.31,0.001452
240,16,0.37582,92.31,0.003107
241,16,0.37260,92.31,0.018925
242,16,0.36911,93.59,0.038696
243,16,0.36177,94.87,0.049660
244,16,0.36247,94.87,0.044739
245,16,0.36834,94.87,0.027110
246,16,0.36547,94.87,0.008152
247,16,0.36454,94.87,0.000100
248,16,0.36408,94.87,0.008152
249,16,0.36283,94.87,0.027110
250,16,0.36671,94.87,0.044739
251,16,0.37628,93.59,0.049660
252,16,0.36939,94.87,0.038696
253,16,0.36623,94.87,0.018925
254,16,0.36536,94.87,0.003107
255,16,0.36548,94.87,0.001452
256,16,0.36713,94.87,0.015028
257,16,0.36720,93.59,0.035072
258,16,0.36531,94.87,0.048648
259,16,0.37327,93.59,0.046993
260,16,0.36464,94.87,0.031175
261,16,0.36509,94.87,0.011404
262,16,0.36590,94.87,0.000440
263,16,0.36645,94.87,0.005361
264,16,0.36759,94.87,0.022990
265,16,0.36639,93.59,0.041948
266,16,0.36823,94.87,0.050000
267,16,0.36902,94.87,0.041948
268,16,0.36680,94.87,0.022990
269,16,0.36640,94.87,0.005361
270,16,0.36682,94.87,0.000440
271,16,0.36822,94.87,0.011404
272,16,0.36806,93.59,0.031175
273,16,0.36476,94.87,0.046993
274,16,0.36848,94.87,0.048648
275,16,0.36635,94.87,0.035072
276,16,0.36772,93.59,0.015028
277,16,0.37179,92.31,0.001452
278,16,0.37168,92.31,0.003107
279,16,0.37048,93.59,0.018925
280,16,0.36878,93.59,0.038696
281,16,0.37200,93.59,0.049660
282,16,0.36843,94.87,0.044739
283,16,0.36725,94.87,0.027110
284,16,0.36677,94.87,0.008152
285,16,0.36783,94.87,0.000100
286,16,0.36787,94.87,0.008152
287,16,0.36954,94.87,0.027110
288,16,0.37000,93.59,0.044739
289,16,0.36407,94.87,0.049660
290,16,0.36522,94.87,0.038696
291,16,0.36609,93.59,0.018925
292,16,0.36470,94.87,0.003107
293,16,0.36465,94.87,0.001452
294,16,0.36522,93.59,0.015028
295,16,0.36133,96.15,0.035072
296,16,0.36533,94.87,0.048648
297,16,0.36547,94.87,0.046993
298,16,0.36527,94.87,0.031175
299,16,0.37336,93.59,0.011404
300,16,0.37201,93.59,0.000440
1,16,0.65583,62.82,0.041948
2,16,0.66473,62.82,0.022990
3,16,0.66217,62.82,0.005361
4,16,0.66155,62.82,0.000440
5,16,0.66071,62.82,0.011404
6,16,0.65551,62.82,0.031175
7,16,0.65139,62.82,0.046993
8,16,0.64855,62.82,0.048648
9,16,0.64424,62.82,0.035072
10,16,0.64181,62.82,0.015028
11,16,0.64020,62.82,0.001452
12,16,0.63989,62.82,0.003107
13,16,0.63783,62.82,0.018925
14,16,0.63559,62.82,0.038696
15,16,0.63250,62.82,0.049660
16,16,0.61938,65.38,0.044739
17,16,0.60723,69.23,0.027110
18,16,0.60599,67.95,0.008152
19,16,0.60366,69.23,0.000100
20,16,0.60085,70.51,0.008152
21,16,0.59346,73.08,0.027110
22,16,0.58082,67.95,0.044739
23,16,0.58018,82.05,0.049660
24,16,0.58070,70.51,0.038696
25,16,0.56556,75.64,0.018925
26,16,0.56371,75.64,0.003107
27,16,0.56274,75.64,0.001452
28,16,0.56069,75.64,0.015028
29,16,0.54864,75.64,0.035072
30,16,0.57784,71.79,0.048648
31,16,0.53270,79.49,0.046993
32,16,0.53900,76.92,0.031175
33,16,0.53460,78.21,0.011404
34,16,0.52571,76.92,0.000440
35,16,0.52415,79.49,0.005361
36,16,0.51533,80.77,0.022990
37,16,0.51481,82.05,0.041948
38,16,0.53906,74.36,0.050000
39,16,0.53882,78.21,0.041948
40,16,0.53276,78.21,0.022990
41,16,0.52494,78.21,0.005361
42,16,0.52388,78.21,0.000440
43,16,0.52011,80.77,0.011404
44,16,0.50407,84.62,0.031175
45,16,0.52793,78.21,0.046993
46,16,0.50850,82.05,0.048648
47,16,0.52604,79.49,0.035072
48,16,0.50870,82.05,0.015028
49,16,0.50269,82.05,0.001452
50,16,0.50116,82.05,0.003107
51,16,0.48648,85.90,0.018925
52,16,0.47618,84.62,0.038696
53,16,0.47944,84.62,0.049660
54,16,0.50848,80.77,0.044739
55,16,0.47347,85.90,0.027110
56,16,0.47063,85.90,0.008152
57,16,0.46737,85.90,0.000100
58,16,0.46689,87.18,0.008152
59,16,0.45880,87.18,0.027110
60,16,0.45836,87.18,0.044739
61,16,0.46830,85.90,0.049660
62,16,0.49004,82.05,0.038696
63,16,0.48383,84.62,0.018925
64,16,0.48374,84.62,0.003107
65,16,0.48369,84.62,0.001452
66,16,0.48078,83.33,0.015028
67,16,0.46232,85.90,0.035072
68,16,0.45050,88.46,0.048648
69,16,0.46781,87.18,0.046993
70,16,0.47074,87.18,0.031175
71,16,0.47179,84.62,0.011404
72,16,0.47265,84.62,0.000440
73,16,0.47096,84.62,0.005361
74,16,0.46080,88.46,0.022990
75,16,0.45470,87.18,0.041948
76,16,0.46445,87.18,0.050000
77,16,0.45122,87.18,0.041948
78,16,0.46873,85.90,0.022990
79,16,0.46194,87.18,0.005361
80,16,0.46085,87.18,0.000440
81,16,0.45999,87.18,0.011404
82,16,0.45600,85.90,0.031175
83,16,0.47596,83.33,0.046993
84,16,0.44938,89.74,0.048648
85,16,0.44520,89.74,0.035072
86,16,0.44637,87.18,0.015028
87,16,0.44735,87.18,0.001452
88,16,0.44701,87.18,0.003107
89,16,0.44630,87.18,0.018925
90,16,0.44441,88.46,0.038696
91,16,0.44604,87.18,0.049660
92,16,0.45959,85.90,0.044739
93,16,0.47165,83.33,0.027110
94,16,0.46237,87.18,0.008152
95,16,0.45889,87.18,0.000100
96,16,0.45723,87.18,0.008152
97,16,0.45332,88.46,0.027110
98,16,0.44018,88.46,0.044739
99,16,0.44701,87.18,0.049660
100,16,0.45457,85.90,0.038696
101,16,0.45166,87.18,0.018925
102,16,0.44701,87.18,0.003107
103,16,0.44648,87.18,0.001452
104,16,0.44097,88.46,0.015028
105,16,0.43844,89.74,0.035072
106,16,0.44589,87.18,0.048648
107,16,0.43819,88.46,0.046993
108,16,0.44648,87.18,0.031175
109,16,0.43758,88.46,0.011404
110,16,0.43713,88.46,0.000440
111,16,0.43693,88.46,0.005361
112,16,0.43505,88.46,0.022990
113,16,0.43164,88.46,0.041948
114,16,0.43866,88.46,0.050000
115,16,0.43823,88.46,0.041948
116,16,0.44205,87.18,0.022990
117,16,0.43829,87.18,0.005361
118,16,0.43729,87.18,0.000440
119,16,0.43552,87.18,0.011404
120,16,0.43018,88.46,0.031175
121,16,0.45131,85.90,0.046993
122,16,0.43962,87.18,0.048648
123,16,0.43299,89.74,0.035072
124,16,0.43431,88.46,0.015028
125,16,0.43143,88.46,0.001452
126,16,0.43095,88.46,0.003107
127,16,0.42753,88.46,0.018925
128,16,0.43115,88.46,0.038696
129,16,0.42534,89.74,0.049660
130,16,0.44012,87.18,0.044739
131,16,0.42502,89.74,0.027110
132,16,0.42594,88.46,0.008152
133,16,0.42610,88.46,0.000100
134,16,0.42544,88.46,0.008152
135,16,0.42607,88.46,0.027110
136,16,0.42935,88.46,0.044739
137,16,0.41895,88.46,0.049660
138,16,0.42343,89.74,0.038696
139,16,0.41828,91.03,0.018925
140,16,0.41610,91.03,0.003107
141,16,0.41605,91.03,0.001452
142,16,0.41582,91.03,0.015028
143,16,0.41379,91.03,0.035072
144,16,0.41741,89.74,0.048648
145,16,0.43455,88.46,0.046993
146,16,0.43006,88.46,0.031175
147,16,0.42921,88.46,0.011404
148,16,0.42838,88.46,0.000440
149,16,0.42810,88.46,0.005361
150,16,0.42501,89.74,0.022990
151,16,0.42575,87.18,0.041948
152,16,0.43579,87.18,0.050000
153,16,0.42616,88.46,0.041948
154,16,0.42965,88.46,0.022990
155,16,0.42682,88.46,0.005361
156,16,0.42610,88.46,0.000440
157,16,0.42560,88.46,0.011404
158,16,0.42851,88.46,0.031175
159,16,0.42085,89.74,0.046993
160,16,0.43041,88.46,0.048648
161,16,0.41729,89.74,0.035072
162,16,0.41327,91.03,0.015028
163,16,0.41154,91.03,0.001452
164,16,0.41157,91.03,0.003107
165,16,0.41362,89.74,0.018925
166,16,0.41988,89.74,0.038696
167,16,0.42968,88.46,0.049660
168,16,0.42174,89.74,0.044739
169,16,0.42121,89.74,0.027110
170,16,0.42279,88.46,0.008152
171,16,0.42292,88.46,0.000100
172,16,0.42290,88.46,0.008152
173,16,0.42544,88.46,0.027110
174,16,0.42076,88.46,0.044739
175,16,0.42729,87.18,0.049660
176,16,0.42345,88.46,0.038696
177,16,0.41405,91.03,0.018925
178,16,0.41357,91.03,0.003107
179,16,0.41356,91.03,0.001452
180,16,0.41290,89.74,0.015028
181,16,0.41200,89.74,0.035072
182,16,0.41410,89.74,0.048648
183,16,0.41220,91.03,0.046993
184,16,0.41433,89.74,0.031175
185,16,0.41027,89.74,0.011404
186,16,0.40948,89.74,0.000440
187,16,0.40958,89.74,0.005361
188,16,0.41165,89.74,0.022990
189,16,0.41011,89.74,0.041948
190,16,0.42029,89.74,0.050000
191,16,0.41423,89.74,0.041948
192,16,0.40907,89.74,0.022990
193,16,0.40440,91.03,0.005361
194,16,0.40389,91.03,0.000440
195,16,0.40303,91.03,0.011404
196,16,0.40237,91.03,0.031175
197,16,0.40438,91.03,0.046993
198,16,0.40677,89.74,0.048648
199,16,0.40792,89.74,0.035072
200,16,0.40799,89.74,0.015028
201,16,0.40821,89.74,0.001452
202,16,0.40839,89.74,0.003107
203,16,0.40870,89.74,0.018925
204,16,0.40176,91.03,0.038696
205,16,0.40379,89.74,0.049660
206,16,0.41043,89.74,0.044739
207,16,0.39956,92.31,0.027110
208,16,0.40031,91.03,0.008152
209,16,0.40005,91.03,0.000100
210,16,0.40009,91.03,0.008152
211,16,0.40048,91.03,0.027110
212,16,0.40080,91.03,0.044739
213,16,0.40038,92.31,0.049660
214,16,0.39802,92.31,0.038696
215,16,0.39912,92.31,0.018925
216,16,0.40049,92.31,0.003107
217,16,0.40052,92.31,0.001452
218,16,0.39991,92.31,0.015028
219,16,0.39680,91.03,0.035072
220,16,0.39845,92.31,0.048648
221,16,0.39620,92.31,0.046993
222,16,0.43050,87.18,0.031175
223,16,0.42320,85.90,0.011404
224,16,0.42103,85.90,0.000440
225,16,0.42077,87.18,0.005361
226,16,0.41362,89.74,0.022990
227,16,0.41376,88.46,0.041948
228,16,0.41021,91.03,0.050000
229,16,0.41179,88.46,0.041948
230,16,0.41468,89.74,0.022990
231,16,0.40518,92.31,0.005361
232,16,0.40363,92.31,0.000440
233,16,0.40142,92.31,0.011404
234,16,0.39703,92.31,0.031175
235,16,0.40161,91.03,0.046993
236,16,0.40731,91.03,0.048648
237,16,0.41374,89.74,0.035072
238,16,0.40751,91.03,0.015028
239,16,0.40597,91.03,0.001452
240,16,0.40603,91.03,0.003107
241,16,0.40541,91.03,0.018925
242,16,0.40540,91.03,0.038696
243,16,0.40602,89.74,0.049660
244,16,0.40715,89.74,0.044739
245,16,0.40464,91.03,0.027110
246,16,0.40549,91.03,0.008152
247,16,0.40512,91.03,0.000100
248,16,0.40336,92.31,0.008152
249,16,0.40712,91.03,0.027110
250,16,0.39684,92.31,0.044739
251,16,0.39963,92.31,0.049660
252,16,0.39820,92.31,0.038696
253,16,0.39419,92.31,0.018925
254,16,0.39498,92.31,0.003107
255,16,0.39507,92.31,0.001452
256,16,0.39600,92.31,0.015028
257,16,0.40003,91.03,0.035072
258,16,0.40572,89.74,0.048648
259,16,0.41373,88.46,0.046993
260,16,0.40097,92.31,0.031175
261,16,0.40107,92.31,0.011404
262,16,0.40214,92.31,0.000440
263,16,0.40267,92.31,0.005361
264,16,0.40177,91.03,0.022990
265,16,0.39786,92.31,0.041948
266,16,0.39951,91.03,0.050000
267,16,0.40552,91.03,0.041948
268,16,0.40378,91.03,0.022990
269,16,0.40140,92.31,0.005361
270,16,0.40101,92.31,0.000440
271,16,0.40048,92.31,0.011404
272,16,0.39883,92.31,0.031175
273,16,0.40188,91.03,0.046993
274,16,0.40180,91.03,0.048648
275,16,0.39532,91.03,0.035072
276,16,0.39778,92.31,0.015028
277,16,0.39719,92.31,0.001452
278,16,0.39709,92.31,0.003107
279,16,0.39677,91.03,0.018925
280,16,0.39733,91.03,0.038696
281,16,0.39581,92.31,0.049660
282,16,0.39637,92.31,0.044739
283,16,0.39656,91.03,0.027110
284,16,0.40010,91.03,0.008152
285,16,0.40029,91.03,0.000100
286,16,0.40054,91.03,0.008152
287,16,0.40317,91.03,0.027110
288,16,0.39582,92.31,0.044739
289,16,0.39264,92.31,0.049660
290,16,0.39133,92.31,0.038696
291,16,0.39635,91.03,0.018925
292,16,0.39952,91.03,0.003107
293,16,0.39945,91.03,0.001452
294,16,0.39879,92.31,0.015028
295,16,0.39517,92.31,0.035072
296,16,0.39739,92.31,0.048648
297,16,0.39716,92.31,0.046993
298,16,0.39694,91.03,0.031175
299,16,0.39265,92.31,0.011404
300,16,0.39091,92.31,0.000440
1,16,0.62034,70.51,0.041948
2,16,0.61148,70.51,0.022990
3,16,0.61111,70.51,0.005361
4,16,0.61162,70.51,0.000440
5,16,0.61111,70.51,0.011404
6,16,0.60824,70.51,0.031175
7,16,0.61517,70.51,0.046993
8,16,0.59560,70.51,0.048648
9,16,0.59419,70.51,0.035072
10,16,0.60028,70.51,0.015028
11,16,0.60565,73.08,0.001452
12,16,0.60399,73.08,0.003107
13,16,0.58688,70.51,0.018925
14,16,0.57443,70.51,0.038696
15,16,0.56988,71.79,0.049660
16,16,0.58840,73.08,0.044739
17,16,0.56252,71.79,0.027110
18,16,0.56335,78.21,0.008152
19,16,0.55984,78.21,0.000100
20,16,0.55946,78.21,0.008152
21,16,0.56271,78.21,0.027110
22,16,0.55585,79.49,0.044739
23,16,0.53454,79.49,0.049660
24,16,0.52949,79.49,0.038696
25,16,0.53281,76.92,0.018925
26,16,0.54669,78.21,0.003107
27,16,0.54049,79.49,0.001452
28,16,0.52430,78.21,0.015028
29,16,0.52190,80.77,0.035072
30,16,0.52899,80.77,0.048648
31,16,0.50944,79.49,0.046993
32,16,0.56156,71.79,0.031175
33,16,0.51187,79.49,0.011404
34,16,0.51856,78.21,0.000440
35,16,0.51859,79.49,0.005361
36,16,0.52484,75.64,0.022990
37,16,0.51969,82.05,0.041948
38,16,0.51635,76.92,0.050000
39,16,0.51346,79.49,0.041948
40,16,0.49048,83.33,0.022990
41,16,0.50335,80.77,0.005361
42,16,0.50606,79.49,0.000440
43,16,0.50586,80.77,0.011404
44,16,0.51590,76.92,0.031175
45,16,0.49358,82.05,0.046993
46,16,0.49161,82.05,0.048648
47,16,0.50049,79.49,0.035072
48,16,0.50747,79.49,0.015028
49,16,0.51238,79.49,0.001452
50,16,0.51174,79.49,0.003107
51,16,0.50613,79.49,0.018925
52,16,0.50099,79.49,0.038696
53,16,0.50510,80.77,0.049660
54,16,0.48520,80.77,0.044739
55,16,0.49569,80.77,0.027110
56,16,0.48349,83.33,0.008152
57,16,0.48362,83.33,0.000100
58,16,0.48425,82.05,0.008152
59,16,0.47870,80.77,0.027110
60,16,0.46969,83.33,0.044739
61,16,0.46046,84.62,0.049660
62,16,0.45619,84.62,0.038696
63,16,0.45926,83.33,0.018925
64,16,0.45313,85.90,0.003107
65,16,0.45152,85.90,0.001452
66,16,0.45049,87.18,0.015028
67,16,0.45190,87.18,0.035072
68,16,0.46195,83.33,0.048648
69,16,0.44545,88.46,0.046993
70,16,0.44682,87.18,0.031175
71,16,0.45140,83.33,0.011404
72,16,0.44375,84.62,0.000440
73,16,0.44084,87.18,0.005361
74,16,0.43270,87.18,0.022990
75,16,0.43992,87.18,0.041948
76,16,0.41995,88.46,0.050000
77,16,0.41377,91.03,0.041948
78,16,0.40875,91.03,0.022990
79,16,0.41003,93.59,0.005361
80,16,0.41095,93.59,0.000440
81,16,0.41083,93.59,0.011404
82,16,0.40274,91.03,0.031175
83,16,0.42164,89.74,0.046993
84,16,0.41465,88.46,0.048648
85,16,0.43514,89.74,0.035072
86,16,0.40900,91.03,0.015028
87,16,0.41348,91.03,0.001452
88,16,0.41277,91.03,0.003107
89,16,0.41206,91.03,0.018925
90,16,0.41290,91.03,0.038696
91,16,0.41529,91.03,0.049660
92,16,0.41855,91.03,0.044739
93,16,0.41547,89.74,0.027110
94,16,0.40879,91.03,0.008152
95,16,0.40809,91.03,0.000100
96,16,0.40739,91.03,0.008152
97,16,0.40185,91.03,0.027110
98,16,0.42369,91.03,0.044739
99,16,0.40385,92.31,0.049660
100,16,0.38811,93.59,0.038696
101,16,0.40551,91.03,0.018925
102,16,0.40852,89.74,0.003107
103,16,0.40777,89.74,0.001452
104,16,0.41085,91.03,0.015028
105,16,0.39447,92.31,0.035072
106,16,0.39735,92.31,0.048648
107,16,0.39748,91.03,0.046993
108,16,0.41420,91.03,0.031175
109,16,0.38662,93.59,0.011404
110,16,0.38663,92.31,0.000440
111,16,0.38630,92.31,0.005361
112,16,0.38419,93.59,0.022990
113,16,0.38882,93.59,0.041948
114,16,0.38826,93.59,0.050000
115,16,0.38032,93.59,0.041948
116,16,0.39957,92.31,0.022990
117,16,0.39220,92.31,0.005361
118,16,0.38877,93.59,0.000440
119,16,0.38374,93.59,0.011404
120,16,0.38459,93.59,0.031175
121,16,0.38351,92.31,0.046993
122,16,0.37461,94.87,0.048648
123,16,0.38577,93.59,0.035072
124,16,0.38811,93.59,0.015028
125,16,0.38486,93.59,0.001452
126,16,0.38478,93.59,0.003107
127,16,0.38421,92.31,0.018925
128,16,0.38316,93.59,0.038696
129,16,0.37878,93.59,0.049660
130,16,0.37376,93.59,0.044739
131,16,0.37169,94.87,0.027110
132,16,0.37256,94.87,0.008152
133,16,0.37362,93.59,0.000100
134,16,0.37327,93.59,0.008152
135,16,0.36938,94.87,0.027110
136,16,0.37618,93.59,0.044739
137,16,0.37197,94.87,0.049660
138,16,0.37303,93.59,0.038696
139,16,0.36693,94.87,0.018925
140,16,0.36669,94.87,0.003107
141,16,0.36675,94.87,0.001452
142,16,0.36735,94.87,0.015028
143,16,0.36922,94.87,0.035072
144,16,0.37070,94.87,0.048648
145,16,0.37197,94.87,0.046993
146,16,0.37032,94.87,0.031175
147,16,0.37277,94.87,0.011404
148,16,0.37217,94.87,0.000440
149,16,0.37163,94.87,0.005361
150,16,0.36956,94.87,0.022990
151,16,0.36753,94.87,0.041948
152,16,0.36871,94.87,0.050000
153,16,0.37119,94.87,0.041948
154,16,0.38079,93.59,0.022990
155,16,0.37293,94.87,0.005361
156,16,0.37367,94.87,0.000440
157,16,0.37363,94.87,0.011404
158,16,0.37014,94.87,0.031175
159,16,0.36646,94.87,0.046993
160,16,0.37202,94.87,0.048648
161,16,0.37192,94.87,0.035072
162,16,0.37459,93.59,0.015028
163,16,0.37514,93.59,0.001452
164,16,0.37460,93.59,0.003107
165,16,0.36976,94.87,0.018925
166,16,0.37646,93.59,0.038696
167,16,0.36435,94.87,0.049660
168,16,0.37633,93.59,0.044739
169,16,0.37848,93.59,0.027110
170,16,0.37278,94.87,0.008152
171,16,0.36968,94.87,0.000100
172,16,0.36738,94.87,0.008152
173,16,0.36345,94.87,0.027110
174,16,0.35551,97.44,0.044739
175,16,0.35420,97.44,0.049660
176,16,0.35751,96.15,0.038696
177,16,0.35993,94.87,0.018925
178,16,0.36106,94.87,0.003107
179,16,0.36069,94.87,0.001452
180,16,0.35695,96.15,0.015028
181,16,0.35347,97.44,0.035072
182,16,0.35800,96.15,0.048648
183,16,0.35588,96.15,0.046993
184,16,0.35103,96.15,0.031175
185,16,0.35139,96.15,0.011404
186,16,0.35005,96.15,0.000440
187,16,0.34917,96.15,0.005361
188,16,0.34852,96.15,0.022990
189,16,0.35722,96.15,0.041948
190,16,0.35661,96.15,0.050000
191,16,0.35453,96.15,0.041948
192,16,0.35554,96.15,0.022990
193,16,0.35419,96.15,0.005361
194,16,0.35390,96.15,0.000440
195,16,0.35360,96.15,0.011404
196,16,0.35500,96.15,0.031175
197,16,0.34651,96.15,0.046993
198,16,0.34542,97.44,0.048648
199,16,0.34576,97.44,0.035072
200,16,0.34518,96.15,0.015028
201,16,0.34971,96.15,0.001452
202,16,0.34891,96.15,0.003107
203,16,0.34383,97.44,0.018925
204,16,0.34300,97.44,0.038696
205,16,0.35408,96.15,0.049660
206,16,0.34083,97.44,0.044739
207,16,0.34424,97.44,0.027110
208,16,0.34649,97.44,0.008152
209,16,0.34656,97.44,0.000100
210,16,0.34502,97.44,0.008152
211,16,0.34094,97.44,0.027110
212,16,0.34042,97.44,0.044739
213,16,0.34421,97.44,0.049660
214,16,0.35125,96.15,0.038696
215,16,0.34848,96.15,0.018925
216,16,0.35162,96.15,0.003107
217,16,0.35099,96.15,0.001452
218,16,0.34668,97.44,0.015028
219,16,0.34688,96.15,0.035072
220,16,0.34988,96.15,0.048648
221,16,0.34948,96.15,0.046993
222,16,0.35031,96.15,0.031175
223,16,0.34862,96.15,0.011404
224,16,0.34792,96.15,0.000440
225,16,0.34775,96.15,0.005361
226,16,0.34794,96.15,0.022990
227,16,0.34861,96.15,0.041948
228,16,0.35857,94.87,0.050000
229,16,0.35223,96.15,0.041948
230,16,0.35154,96.15,0.022990
231,16,0.34998,96.15,0.005361
232,16,0.34984,96.15,0.000440
233,16,0.34970,96.15,0.011404
234,16,0.34899,96.15,0.031175
235,16,0.35344,96.15,0.046993
236,16,0.34718,97.44,0.048648
237,16,0.35512,96.15,0.035072
238,16,0.35215,96.15,0.015028
239,16,0.34719,96.15,0.001452
240,16,0.34720,96.15,0.003107
241,16,0.35206,96.15,0.018925
242,16,0.35200,96.15,0.038696
243,16,0.34824,96.15,0.049660
244,16,0.34230,97.44,0.044739
245,16,0.36279,94.87,0.027110
246,16,0.36289,94.87,0.008152
247,16,0.36109,94.87,0.000100
248,16,0.35972,94.87,0.008152
249,16,0.35612,96.15,0.027110
250,16,0.35445,96.15,0.044739
251,16,0.35336,96.15,0.049660
252,16,0.35086,96.15,0.038696
253,16,0.34726,97.44,0.018925
254,16,0.34578,97.44,0.003107
255,16,0.34710,97.44,0.001452
256,16,0.34652,97.44,0.015028
257,16,0.34359,97.44,0.035072
258,16,0.33995,97.44,0.048648
259,16,0.34221,97.44,0.046993
260,16,0.34117,97.44,0.031175
261,16,0.34265,97.44,0.011404
262,16,0.34122,97.44,0.000440
263,16,0.34081,97.44,0.005361
264,16,0.34012,97.44,0.022990
265,16,0.34282,97.44,0.041948
266,16,0.34522,97.44,0.050000
267,16,0.34666,96.15,0.041948
268,16,0.35343,96.15,0.022990
269,16,0.35649,94.87,0.005361
270,16,0.35524,94.87,0.000440
271,16,0.35190,96.15,0.011404
272,16,0.34762,96.15,0.031175
273,16,0.35189,96.15,0.046993
274,16,0.34945,96.15,0.048648
275,16,0.34930,94.87,0.035072
276,16,0.34320,97.44,0.015028
277,16,0.34183,97.44,0.001452
278,16,0.34176,97.44,0.003107
279,16,0.34252,97.44,0.018925
280,16,0.34415,97.44,0.038696
281,16,0.34134,97.44,0.049660
282,16,0.34165,97.44,0.044739
283,16,0.34136,97.44,0.027110
284,16,0.34180,97.44,0.008152
285,16,0.34158,97.44,0.000100
286,16,0.34158,97.44,0.008152
287,16,0.34208,97.44,0.027110
288,16,0.35846,94.87,0.044739
289,16,0.35542,96.15,0.049660
290,16,0.34390,97.44,0.038696
291,16,0.35851,96.15,0.018925
292,16,0.35406,96.15,0.003107
293,16,0.35391,96.15,0.001452
294,16,0.35329,96.15,0.015028
295,16,0.34327,97.44,0.035072
296,16,0.34251,97.44,0.048648
297,16,0.33924,97.44,0.046993
298,16,0.33972,97.44,0.031175
299,16,0.34109,97.44,0.011404
300,16,0.34171,97.44,0.000440